draw_date,n1,n2,n3,n4,n5
2019-03-10,1,7,11,18,34
2019-03-11,7,10,19,24,32
2019-03-12,11,16,17,29,32
2019-03-13,4,10,16,21,35
2019-03-14,1,5,9,26,32
2019-03-15,9,10,12,25,27
2019-03-16,2,5,16,18,19
2019-03-17,5,9,15,21,36
2019-03-18,1,18,29,33,36
2019-03-19,7,9,11,19,26
2019-03-20,2,16,19,29,33
2019-03-21,2,7,10,14,23
2019-03-22,9,12,17,33,35
2019-03-23,3,7,10,13,17
2019-03-24,1,21,24,28,29
2019-03-25,10,11,12,19,23
2019-03-26,2,9,13,30,32
2019-03-27,4,5,10,12,25
2019-03-28,7,20,30,31,34
2019-03-29,1,5,6,27,31
2019-03-30,16,17,24,25,30
2019-03-31,1,15,23,32,34
2019-04-01,3,10,23,25,36
2019-04-02,5,21,22,26,32
2019-04-03,8,14,16,33,34
2019-04-04,1,3,10,16,36
2019-04-05,36,35,27,15,13
2019-04-06,17,24,36,25,4
2019-04-07,20,35,23,6,34
2019-04-08,15,13,11,19,31
2019-04-09,16,31,6,24,30
2019-04-10,24,5,10,15,29
2019-04-11,1,29,14,19,7
2019-04-12,4,8,19,36,34
2019-04-13,30,5,34,33,18
2019-04-14,3,26,24,17,23
2019-04-15,19,5,28,33,4
2019-04-16,17,2,27,7,24
2019-04-17,32,27,8,34,23
2019-04-18,10,22,12,14,20
2019-04-19,19,3,5,15,24
2019-04-20,36,3,24,30,6
2019-04-21,9,29,7,2,1
2019-04-22,20,9,16,21,30
2019-04-23,2,35,36,11,8
2019-04-24,19,24,12,18,8
2019-04-25,28,19,4,14,33
2019-04-26,33,28,23,1,34
2019-04-27,21,29,18,28,13
2019-04-28,18,26,30,34,32
2019-04-29,5,15,36,16,25
2019-04-30,5,28,25,20,3
2019-05-01,4,33,29,2,6
2019-05-02,16,14,24,8,5
2019-05-03,8,35,24,27,5
2019-05-04,26,17,11,15,25
2019-05-05,29,34,5,32,26
2019-05-06,29,32,25,16,14
2019-05-07,22,25,3,11,12
2019-05-08,6,22,21,7,15
2019-05-09,19,34,13,18,8
2019-05-10,19,5,9,26,31
2019-05-11,36,7,6,28,11
2019-05-12,36,33,6,1,17
2019-05-13,8,16,28,24,32
2019-05-14,6,20,22,4,25
2019-05-15,7,6,32,17,13
2019-05-16,34,18,33,14,5
2019-05-17,26,20,10,29,15
2019-05-18,21,33,31,7,15
2019-05-19,12,33,21,1,34
2019-05-20,22,28,31,25,11
2019-05-21,26,34,2,12,28
2019-05-22,25,14,15,11,6
2019-05-23,1,17,36,29,16
2019-05-24,31,11,20,2,9
2019-05-25,6,10,34,21,31
2019-05-26,15,30,9,27,16
2019-05-27,5,17,21,19,2
2019-05-28,13,15,14,9,25
2019-05-29,19,28,20,32,33
2019-05-30,11,23,5,6,30
2019-05-31,35,25,2,4,36
2019-06-01,26,14,12,34,19
2019-06-02,24,3,25,18,16
2019-06-03,6,3,22,10,23
2019-06-04,16,35,33,29,22
2019-06-05,20,6,28,36,9
2019-06-06,36,15,17,35,30
2019-06-07,6,15,24,28,23
2019-06-08,28,36,18,5,31
2019-06-09,34,32,35,13,22
2019-06-10,22,25,7,35,28
2019-06-11,13,4,30,14,18
2019-06-12,33,20,34,17,6
2019-06-13,34,27,3,18,19
2019-06-14,32,1,2,18,4
2019-06-15,28,33,15,21,13
2019-06-16,8,33,20,29,14
2019-06-17,17,9,8,20,28
2019-06-18,3,25,10,12,32
2019-06-19,30,8,17,4,18
2019-06-20,28,19,23,33,26
2019-06-21,27,26,14,7,35
2019-06-22,25,35,33,11,2
2019-06-23,15,7,14,24,23
2019-06-24,4,19,30,7,23
2019-06-25,18,1,4,3,16
2019-06-26,26,33,15,36,32
2019-06-27,6,31,4,25,36
2019-06-28,9,10,21,8,36
2019-06-29,5,27,15,1,9
2019-06-30,27,4,17,10,21
2019-07-01,13,33,2,26,10
2019-07-02,13,14,8,28,35
2019-07-03,24,9,7,1,26
2019-07-04,1,5,3,35,18
2019-07-05,27,2,24,33,20
2019-07-06,24,2,16,11,12
2019-07-07,2,6,13,25,9
2019-07-08,13,4,31,20,8
2019-07-09,22,15,27,31,24
2019-07-10,23,9,27,7,26
2019-07-11,25,10,3,36,35
2019-07-12,21,24,8,6,19
2019-07-13,3,9,32,31,2
2019-07-14,33,26,11,23,27
2019-07-15,22,20,16,30,8
2019-07-16,18,26,8,25,11
2019-07-17,35,19,29,4,32
2019-07-18,29,4,20,28,36
2019-07-19,10,28,31,11,6
2019-07-20,9,13,22,35,31
2019-07-21,20,9,29,35,14
2019-07-22,6,24,28,9,15
2019-07-23,2,34,17,6,26
2019-07-24,28,18,5,29,14
2019-07-25,16,5,2,21,13
2019-07-26,19,36,13,27,35
2019-07-27,31,18,3,35,19
2019-07-28,3,2,12,35,10
2019-07-29,33,17,15,14,6
2019-07-30,1,12,7,25,13
2019-07-31,13,11,5,19,35
2019-08-01,33,12,36,21,25
2019-08-02,15,32,29,3,21
2019-08-03,13,34,27,14,29
2019-08-04,3,35,30,8,21
2019-08-05,36,15,23,10,20
2019-08-06,15,28,24,10,13
2019-08-07,7,26,16,9,15
2019-08-08,21,29,6,7,3
2019-08-09,14,16,15,27,17
2019-08-10,28,13,3,32,22
2019-08-11,26,5,14,20,34
2019-08-12,17,15,30,23,6
2019-08-13,12,33,2,28,26
2019-08-14,21,28,18,31,7
2019-08-15,32,36,23,9,2
2019-08-16,34,4,21,19,24
2019-08-17,5,2,16,8,26
2019-08-18,15,29,6,16,2
2019-08-19,11,2,20,9,18
2019-08-20,35,1,2,31,22
2019-08-21,26,13,32,21,6
2019-08-22,23,7,18,32,29
2019-08-23,29,23,20,7,35
2019-08-24,26,27,23,16,33
2019-08-25,12,17,18,15,16
2019-08-26,17,28,29,27,36
2019-08-27,12,29,2,27,5
2019-08-28,31,26,14,20,22
2019-08-29,13,9,2,34,5
2019-08-30,17,24,26,36,33
2019-08-31,29,8,6,22,13
2019-09-01,29,2,3,16,36
2019-09-02,24,33,14,26,17
2019-09-03,30,1,18,10,4
2019-09-04,24,5,20,36,23
2019-09-05,12,22,9,29,1
2019-09-06,10,6,27,25,26
2019-09-07,14,4,29,2,25
2019-09-08,12,10,19,27,15
2019-09-09,3,19,23,12,10
2019-09-10,3,1,11,33,15
2019-09-11,1,32,16,21,26
2019-09-12,24,20,6,4,29
2019-09-13,5,25,30,33,29
2019-09-14,8,11,15,35,14
2019-09-15,27,2,3,9,12
2019-09-16,12,23,21,11,27
2019-09-17,20,12,34,36,27
2019-09-18,12,15,25,23,10
2019-09-19,10,15,12,23,16
2019-09-20,23,7,31,34,26
2019-09-21,23,17,28,14,29
2019-09-22,25,14,27,10,2
2019-09-23,30,29,20,21,2
2019-09-24,31,27,35,34,10
2019-09-25,4,28,13,23,12
2019-09-26,14,11,3,24,27
2019-09-27,28,33,19,22,21
2019-09-28,33,8,28,9,31
2019-09-29,12,6,19,31,13
2019-09-30,18,4,25,3,8
2019-10-01,34,11,27,17,28
2019-10-02,26,32,17,33,2
2019-10-03,21,23,6,13,7
2019-10-04,1,9,3,26,32
2019-10-05,33,3,6,24,9
2019-10-06,12,8,10,2,27
2019-10-07,24,25,21,36,22
2019-10-08,24,13,31,15,27
2019-10-09,13,29,32,20,35
2019-10-10,5,36,28,22,6
2019-10-11,14,22,11,10,24
2019-10-12,28,18,17,36,1
2019-10-13,25,8,7,5,27
2019-10-14,6,11,19,22,31
2019-10-15,27,9,18,25,15
2019-10-16,22,9,17,25,2
2019-10-17,4,25,31,18,20
2019-10-18,13,18,36,15,2
2019-10-19,8,16,26,11,30
2019-10-20,19,16,34,6,17
2019-10-21,29,19,27,34,28
2019-10-22,23,2,32,8,18
2019-10-23,21,4,17,29,30
2019-10-24,35,3,10,32,1
2019-10-25,31,10,19,16,29
2019-10-26,9,33,22,2,36
2019-10-27,7,5,9,28,6
2019-10-28,36,18,28,34,23
2019-10-29,9,5,6,2,7
2019-10-30,18,30,24,32,21
2019-10-31,12,36,21,17,15
2019-11-01,9,30,6,22,15
2019-11-02,12,2,20,24,31
2019-11-03,6,21,28,24,36
2019-11-04,34,8,6,21,33
2019-11-05,13,25,35,5,9
2019-11-06,2,28,20,16,22
2019-11-07,3,5,30,32,19
2019-11-08,13,23,32,33,30
2019-11-09,2,36,7,1,32
2019-11-10,20,32,23,34,10
2019-11-11,13,31,34,9,26
2019-11-12,30,14,2,9,7
2019-11-13,13,23,17,7,25
2019-11-14,21,26,15,8,12
2019-11-15,31,5,7,26,16
2019-11-16,2,9,1,31,19
2019-11-17,16,18,23,33,6
2019-11-18,14,20,24,36,7
2019-11-19,21,23,27,34,25
2019-11-20,4,30,19,24,8
2019-11-21,4,23,11,12,21
2019-11-22,22,19,32,15,6
2019-11-23,22,11,27,29,31
2019-11-24,6,19,34,12,27
2019-11-25,19,8,4,34,18
2019-11-26,7,26,2,35,15
2019-11-27,34,35,25,36,9
2019-11-28,17,12,28,34,4
2019-11-29,28,22,33,23,36
2019-11-30,34,22,16,29,26
2019-12-01,14,26,4,30,3
2019-12-02,30,1,31,21,36
2019-12-03,4,33,25,22,8
2019-12-04,9,6,3,10,11
2019-12-05,33,1,36,21,16
2019-12-06,21,29,30,2,36
2019-12-07,22,28,35,9,8
2019-12-08,8,6,22,9,36
2019-12-09,14,22,25,27,4
2019-12-10,19,33,5,7,31
2019-12-11,11,9,15,23,5
2019-12-12,20,27,31,11,36
2019-12-13,36,6,24,21,9
2019-12-14,5,6,7,34,22
2019-12-15,19,30,20,35,4
2019-12-16,22,10,20,27,8
2019-12-17,16,5,25,20,12
2019-12-18,5,11,32,35,21
2019-12-19,1,9,5,23,15
2019-12-20,21,7,3,20,35
2019-12-21,31,34,17,3,24
2019-12-22,2,13,22,35,12
2019-12-23,21,36,11,5,19
2019-12-24,22,11,25,16,8
2019-12-26,23,36,6,25,12
2019-12-27,16,35,4,27,13
2019-12-28,30,31,29,23,32
2019-12-29,16,4,34,12,36
2019-12-30,7,13,17,30,14
2019-12-31,29,2,26,4,5
2020-01-01,17,22,29,21,14
2020-01-02,16,24,6,1,34
2020-01-03,9,26,18,30,14
2020-01-04,14,24,28,4,30
2020-01-05,23,21,34,18,5
2020-01-06,14,28,26,25,8
2020-01-07,3,35,2,24,26
2020-01-08,20,6,9,8,11
2020-01-09,11,27,8,16,24
2020-01-10,35,12,27,11,1
2020-01-11,21,36,6,7,25
2020-01-12,35,22,33,29,26
2020-01-13,17,10,3,1,21
2020-01-14,7,19,11,28,32
2020-01-15,8,22,11,6,12
2020-01-16,12,31,36,35,17
2020-01-17,24,9,34,31,10
2020-01-18,17,10,1,16,9
2020-01-19,10,13,2,9,25
2020-01-20,33,5,34,8,16
2020-01-21,30,5,25,21,32
2020-01-22,14,25,6,4,7
2020-01-23,30,6,24,18,28
2020-01-24,31,1,11,24,16
2020-01-25,15,7,5,3,10
2020-01-26,17,6,29,12,3
2020-01-27,36,32,19,7,12
2020-01-28,30,12,6,22,34
2020-01-29,35,32,5,3,21
2020-01-30,6,35,2,32,29
2020-01-31,7,36,14,9,15
2020-02-01,23,5,12,4,7
2020-02-02,8,35,29,14,4
2020-02-03,6,5,12,36,28
2020-02-04,25,1,4,20,14
2020-02-05,25,24,27,34,7
2020-02-06,4,9,2,6,12
2020-02-07,13,34,6,27,36
2020-02-08,35,5,15,36,1
2020-02-09,29,24,18,11,9
2020-02-10,4,22,25,14,27
2020-02-11,26,28,13,12,15
2020-02-12,3,8,30,12,23
2020-02-13,6,10,16,5,22
2020-02-14,13,4,14,6,29
2020-02-15,20,30,1,24,22
2020-02-16,25,33,29,2,32
2020-02-17,5,32,22,21,19
2020-02-18,7,8,23,32,30
2020-02-19,6,14,26,4,29
2020-02-20,33,3,12,27,5
2020-02-21,29,10,15,25,12
2020-02-22,18,5,27,34,20
2020-02-23,4,27,5,11,12
2020-02-24,14,29,33,31,9
2020-02-25,10,19,13,5,8
2020-02-26,33,21,29,11,32
2020-02-27,25,26,5,3,19
2020-02-28,31,35,10,30,29
2020-02-29,16,28,20,7,35
2020-03-01,10,8,15,2,23
2020-03-02,14,13,34,4,20
2020-03-03,33,16,18,10,4
2020-03-04,28,12,36,34,9
2020-03-05,21,20,19,34,33
2020-03-06,10,4,29,5,22
2020-03-07,30,16,3,15,21
2020-03-08,9,15,28,32,34
2020-03-09,16,36,10,14,31
2020-03-10,17,11,13,20,2
2020-03-11,2,24,8,10,34
2020-03-12,12,2,32,18,36
2020-03-13,3,35,12,20,13
2020-03-14,33,29,20,16,32
2020-03-15,1,34,13,12,36
2020-03-16,14,22,1,5,3
2020-03-17,15,2,10,20,16
2020-03-18,3,6,5,11,36
2020-03-19,14,33,2,32,16
2020-03-20,3,18,22,9,19
2020-03-21,11,31,5,36,15
2020-03-22,20,30,2,5,23
2020-03-23,11,24,19,35,7
2020-03-24,9,34,13,31,22
2020-03-25,7,15,2,22,10
2020-03-26,22,36,31,32,24
2020-03-27,7,27,15,33,21
2020-03-28,32,4,25,10,14
2020-03-29,13,4,25,6,26
2020-03-30,27,16,14,30,6
2020-03-31,35,21,7,20,2
2020-04-01,20,5,32,8,11
2020-04-02,14,10,15,11,29
2020-04-03,25,31,12,2,24
2020-04-04,1,2,26,33,19
2020-04-05,11,36,20,29,6
2020-04-06,22,33,35,8,26
2020-04-07,11,24,12,23,7
2020-04-08,17,2,9,20,32
2020-04-09,32,10,36,21,34
2020-04-10,29,14,27,16,5
2020-04-11,5,11,14,21,29
2020-04-12,25,29,10,5,1
2020-04-13,33,27,31,24,23
2020-04-14,25,19,36,1,14
2020-04-15,15,3,26,23,36
2020-04-16,19,15,31,18,21
2020-04-17,6,29,30,31,1
2020-04-18,4,2,15,8,22
2020-04-19,17,10,30,7,14
2020-04-20,23,27,36,10,4
2020-04-21,19,22,25,7,5
2020-04-22,22,23,28,8,3
2020-04-23,1,22,14,17,7
2020-04-24,28,26,20,13,1
2020-04-25,29,31,12,9,34
2020-04-26,36,30,9,5,29
2020-04-27,9,13,14,11,19
2020-04-28,1,22,17,3,21
2020-04-29,1,16,29,19,20
2020-04-30,4,6,33,35,15
2020-05-01,19,12,1,18,24
2020-05-02,21,31,17,26,4
2020-05-03,18,24,26,12,22
2020-05-04,25,33,26,10,7
2020-05-05,3,26,6,21,29
2020-05-06,12,28,36,34,35
2020-05-07,12,34,24,9,25
2020-05-08,35,34,20,28,25
2020-05-09,19,14,21,15,32
2020-05-10,7,3,22,35,10
2020-05-11,31,28,30,12,13
2020-05-12,5,18,20,15,31
2020-05-13,6,31,27,15,18
2020-05-14,12,22,2,28,11
2020-05-15,14,29,12,3,16
2020-05-16,7,14,22,32,16
2020-05-17,14,3,17,24,13
2020-05-18,30,19,18,7,16
2020-05-19,25,19,31,24,27
2020-05-20,24,28,26,16,33
2020-05-21,25,15,8,13,21
2020-05-22,15,27,33,31,2
2020-05-23,9,12,3,13,31
2020-05-24,23,19,20,21,11
2020-05-25,36,27,25,15,34
2020-05-26,17,5,25,14,12
2020-05-27,36,22,19,1,34
2020-05-28,9,20,26,25,12
2020-05-29,9,34,20,15,13
2020-05-30,12,23,20,5,14
2020-05-31,34,27,23,12,25
2020-06-01,14,15,22,8,36
2020-06-02,7,34,23,8,36
2020-06-03,21,26,24,25,13
2020-06-04,13,4,33,22,25
2020-06-05,5,9,1,34,27
2020-06-06,8,6,3,5,23
2020-06-07,23,22,17,28,33
2020-06-08,2,31,32,28,15
2020-06-09,1,31,23,36,35
2020-06-10,22,12,2,9,5
2020-06-11,1,36,29,30,18
2020-06-12,3,26,5,35,25
2020-06-13,8,26,3,19,22
2020-06-14,2,33,30,7,12
2020-06-15,18,30,21,29,28
2020-06-16,18,4,9,22,32
2020-06-17,18,15,25,14,30
2020-06-18,19,22,12,14,30
2020-06-19,28,24,14,9,36
2020-06-20,7,25,5,2,8
2020-06-21,35,12,36,28,33
2020-06-22,20,33,34,6,12
2020-06-23,31,14,4,27,15
2020-06-24,26,25,27,31,18
2020-06-25,29,5,25,9,33
2020-06-26,15,1,13,9,23
2020-06-27,34,29,13,24,35
2020-06-28,13,22,27,23,1
2020-06-29,29,4,8,31,35
2020-06-30,22,10,30,21,28
2020-07-01,5,35,33,24,36
2020-07-02,25,10,27,29,17
2020-07-03,34,7,17,11,33
2020-07-04,34,4,30,25,35
2020-07-05,23,16,2,28,21
2020-07-06,26,12,1,8,9
2020-07-07,25,31,1,30,35
2020-07-08,17,2,10,35,33
2020-07-09,1,33,25,5,10
2020-07-10,13,33,29,22,36
2020-07-11,20,15,32,14,24
2020-07-12,29,18,12,14,4
2020-07-13,27,23,1,32,21
2020-07-14,10,32,28,7,9
2020-07-15,28,10,3,18,20
2020-07-16,1,14,13,36,35
2020-07-17,25,31,12,10,32
2020-07-18,2,35,26,9,1
2020-07-19,11,12,27,18,29
2020-07-20,20,1,23,11,14
2020-07-21,1,34,7,29,24
2020-07-22,5,26,22,1,16
2020-07-23,29,16,30,25,27
2020-07-24,3,11,34,20,22
2020-07-25,7,31,6,1,15
2020-07-26,36,9,25,35,32
2020-07-27,35,23,26,14,19
2020-07-28,31,29,36,10,24
2020-07-29,33,8,6,10,30
2020-07-30,5,12,1,14,34
2020-07-31,8,11,18,2,17
2020-08-01,21,18,6,33,4
2020-08-02,13,4,11,27,5
2020-08-03,33,14,15,16,8
2020-08-04,11,26,6,9,35
2020-08-05,11,8,3,12,26
2020-08-06,6,30,25,17,31
2020-08-07,34,13,22,31,12
2020-08-08,31,34,30,36,32
2020-08-09,6,10,1,5,21
2020-08-10,4,29,32,33,20
2020-08-11,4,22,13,20,30
2020-08-12,2,4,18,1,30
2020-08-13,29,6,13,31,1
2020-08-14,12,19,1,29,10
2020-08-15,10,34,21,24,16
2020-08-16,27,9,34,28,25
2020-08-17,13,15,14,24,31
2020-08-18,19,17,30,11,20
2020-08-19,1,36,9,19,8
2020-08-20,24,32,26,31,30
2020-08-21,36,12,3,32,6
2020-08-22,16,13,27,3,22
2020-08-23,26,16,21,36,7
2020-08-24,28,13,3,19,18
2020-08-25,16,35,29,33,20
2020-08-26,17,30,9,35,24
2020-08-27,30,1,34,33,15
2020-08-28,8,17,12,5,30
2020-08-29,15,18,24,23,36
2020-08-30,15,5,13,25,3
2020-08-31,22,18,36,26,1
2020-09-01,17,32,31,14,23
2020-09-02,25,22,14,20,5
2020-09-03,14,16,8,22,27
2020-09-04,9,5,14,17,16
2020-09-05,23,25,22,14,12
2020-09-06,20,30,32,34,18
2020-09-07,16,30,1,3,34
2020-09-08,9,8,4,18,30
2020-09-09,35,28,21,12,29
2020-09-10,29,17,21,3,10
2020-09-11,16,25,26,2,32
2020-09-12,35,11,1,16,18
2020-09-13,18,16,23,14,29
2020-09-14,7,31,16,35,32
2020-09-15,18,32,28,29,34
2020-09-16,3,8,34,23,4
2020-09-17,19,25,18,30,15
2020-09-18,25,12,30,3,6
2020-09-19,9,16,22,28,25
2020-09-20,15,24,36,18,4
2020-09-21,35,28,3,9,2
2020-09-22,3,12,28,20,5
2020-09-23,13,30,35,9,27
2020-09-24,29,24,17,12,28
2020-09-25,2,25,24,7,20
2020-09-26,10,34,8,16,30
2020-09-27,19,12,4,29,21
2020-09-28,9,6,33,31,36
2020-09-29,32,20,8,9,2
2020-09-30,25,4,32,8,13
2020-10-01,6,20,13,1,21
2020-10-02,16,27,2,17,15
2020-10-03,25,24,6,12,27
2020-10-04,20,13,18,6,10
2020-10-05,9,18,24,8,26
2020-10-06,17,22,26,27,33
2020-10-07,7,30,4,19,14
2020-10-08,33,20,27,14,19
2020-10-09,26,7,25,32,31
2020-10-10,33,13,35,16,10
2020-10-11,28,10,15,30,8
2020-10-12,3,6,12,29,16
2020-10-13,23,7,5,34,29
2020-10-14,22,30,29,32,17
2020-10-15,2,13,10,21,29
2020-10-16,7,13,23,14,1
2020-10-17,18,24,35,22,32
2020-10-18,34,25,35,10,9
2020-10-19,19,36,4,20,12
2020-10-20,23,6,27,24,33
2020-10-21,10,1,5,14,23
2020-10-22,36,16,8,26,7
2020-10-23,21,10,8,22,28
2020-10-24,11,28,30,15,24
2020-10-25,31,33,14,1,8
2020-10-26,6,21,18,32,27
2020-10-27,27,23,18,25,8
2020-10-28,11,34,22,5,10
2020-10-29,4,27,17,26,13
2020-10-30,18,21,20,19,36
2020-10-31,25,30,35,1,20
2020-11-01,13,32,6,8,29
2020-11-02,1,14,7,9,22
2020-11-03,2,22,17,36,15
2020-11-04,30,31,18,21,24
2020-11-05,8,22,27,29,24
2020-11-06,1,28,31,32,10
2020-11-07,23,32,34,24,7
2020-11-08,18,25,29,19,10
2020-11-09,13,1,14,30,24
2020-11-10,32,26,27,33,35
2020-11-11,28,21,19,10,2
2020-11-12,18,32,3,12,33
2020-11-13,14,32,23,8,31
2020-11-14,25,35,20,1,29
2020-11-15,11,36,12,9,19
2020-11-16,25,27,3,6,33
2020-11-17,26,18,21,34,29
2020-11-18,13,35,12,36,31
2020-11-19,35,12,16,33,25
2020-11-20,34,16,4,5,32
2020-11-21,19,11,15,30,35
2020-11-22,25,11,26,36,20
2020-11-23,11,13,22,30,2
2020-11-24,12,4,13,35,5
2020-11-25,15,4,32,22,1
2020-11-26,29,5,17,16,12
2020-11-27,12,26,28,1,32
2020-11-28,25,14,5,9,28
2020-11-29,27,10,35,25,14
2020-11-30,35,1,6,31,3
2020-12-01,33,14,1,15,9
2020-12-02,15,14,20,8,9
2020-12-03,10,5,17,13,21
2020-12-04,12,20,24,27,5
2020-12-05,17,26,32,18,4
2020-12-06,8,16,20,22,17
2020-12-07,3,18,26,27,23
2020-12-08,6,25,17,30,2
2020-12-09,23,24,11,19,35
2020-12-10,1,14,2,3,11
2020-12-11,8,12,35,28,26
2020-12-12,23,30,36,6,3
2020-12-13,36,3,23,15,1
2020-12-14,33,27,19,14,25
2020-12-15,12,19,5,36,6
2020-12-16,14,12,28,16,32
2020-12-17,28,5,2,1,24
2020-12-18,21,6,26,17,27
2020-12-19,24,19,28,27,29
2020-12-20,8,3,18,1,36
2020-12-21,16,27,15,19,10
2020-12-22,4,6,12,26,11
2020-12-23,23,15,25,34,10
2020-12-24,33,15,28,26,10
2020-12-26,5,17,24,32,25
2020-12-27,13,28,27,25,32
2020-12-28,5,20,6,14,35
2020-12-29,6,34,29,32,10
2020-12-30,29,31,6,23,3
2020-12-31,12,28,20,24,34
2021-01-01,21,19,13,17,25
2021-01-02,24,14,26,29,23
2021-01-03,27,20,12,23,31
2021-01-04,23,19,13,21,12
2021-01-05,35,25,6,8,10
2021-01-06,16,2,15,34,10
2021-01-07,22,1,30,21,7
2021-01-08,25,10,17,14,13
2021-01-09,34,30,25,6,27
2021-01-10,6,22,4,36,2
2021-01-11,28,18,36,2,19
2021-01-12,25,33,35,15,22
2021-01-13,15,33,30,25,28
2021-01-14,33,35,29,17,16
2021-01-15,6,14,29,27,15
2021-01-16,24,23,10,12,2
2021-01-17,26,34,12,22,28
2021-01-18,6,24,21,30,12
2021-01-19,29,9,20,18,21
2021-01-20,30,32,22,35,4
2021-01-21,12,21,24,1,18
2021-01-22,4,25,9,23,19
2021-01-23,1,34,24,23,26
2021-01-24,20,25,19,3,16
2021-01-25,4,26,10,14,31
2021-01-26,14,8,22,13,21
2021-01-27,1,21,5,9,2
2021-01-28,12,14,13,1,36
2021-01-29,9,2,16,33,12
2021-01-30,1,4,20,21,34
2021-01-31,2,18,31,30,26
2021-02-01,11,3,4,19,17
2021-02-02,32,1,22,34,9
2021-02-03,10,33,31,34,5
2021-02-04,8,27,34,23,7
2021-02-05,34,31,29,35,23
2021-02-06,23,31,9,15,21
2021-02-07,20,29,7,1,9
2021-02-08,9,11,30,1,2
2021-02-09,23,5,7,27,19
2021-02-10,2,17,11,34,21
2021-02-11,12,27,32,36,6
2021-02-12,24,7,27,16,9
2021-02-13,35,20,25,1,12
2021-02-14,14,18,27,25,12
2021-02-15,14,12,3,32,27
2021-02-16,23,2,15,20,24
2021-02-17,2,15,20,12,18
2021-02-18,29,22,33,14,19
2021-02-19,14,13,21,12,23
2021-02-20,8,6,13,28,34
2021-02-21,28,1,22,9,3
2021-02-22,22,11,2,21,34
2021-02-23,29,21,3,27,15
2021-02-24,34,22,7,26,29
2021-02-25,15,10,30,19,8
2021-02-26,25,3,12,16,35
2021-02-27,12,11,28,27,17
2021-02-28,2,22,18,24,7
2021-03-01,6,24,28,13,33
2021-03-02,36,21,22,34,30
2021-03-03,34,8,5,22,27
2021-03-04,11,19,9,13,1
2021-03-05,14,4,26,34,8
2021-03-06,8,10,24,2,34
2021-03-07,22,19,28,27,33
2021-03-08,15,35,30,18,1
2021-03-09,33,9,5,27,22
2021-03-10,10,11,25,32,4
2021-03-11,6,9,29,31,12
2021-03-12,23,28,30,1,19
2021-03-13,36,18,33,5,26
2021-03-14,35,25,31,6,13
2021-03-15,29,21,4,20,17
2021-03-16,23,1,17,3,8
2021-03-17,5,17,9,36,32
2021-03-18,29,24,23,27,11
2021-03-19,20,4,27,5,36
2021-03-20,12,34,15,4,26
2021-03-21,24,21,7,3,2
2021-03-22,6,11,8,32,33
2021-03-23,30,28,32,6,11
2021-03-24,25,33,30,32,27
2021-03-25,15,24,2,17,18
2021-03-26,35,13,15,7,33
2021-03-27,14,22,10,11,27
2021-03-28,24,31,21,16,12
2021-03-29,30,32,9,3,10
2021-03-30,24,16,33,25,27
2021-03-31,26,25,17,14,31
2021-04-01,12,10,30,7,36
2021-04-02,22,29,12,20,14
2021-04-03,24,25,12,6,10
2021-04-04,10,14,30,4,35
2021-04-05,1,15,19,12,9
2021-04-06,18,12,13,31,35
2021-04-07,9,24,29,8,22
2021-04-08,16,12,15,21,6
2021-04-09,34,35,13,9,2
2021-04-10,30,34,29,5,20
2021-04-11,6,33,5,27,7
2021-04-12,10,21,3,7,8
2021-04-13,11,2,1,31,19
2021-04-14,35,9,2,23,10
2021-04-15,17,26,6,23,3
2021-04-16,25,30,7,29,4
2021-04-17,24,13,3,20,29
2021-04-18,15,21,24,20,1
2021-04-19,21,13,36,28,31
2021-04-20,10,1,13,36,4
2021-04-21,23,3,26,4,8
2021-04-22,18,4,12,29,21
2021-04-23,13,27,24,8,23
2021-04-24,36,6,24,13,32
2021-04-25,25,6,11,17,26
2021-04-26,31,19,2,5,13
2021-04-27,14,18,23,5,16
2021-04-28,2,29,23,35,14
2021-04-29,26,4,16,36,9
2021-04-30,20,28,1,29,8
2021-05-01,13,22,30,31,5
2021-05-02,21,14,24,31,27
2021-05-03,18,11,23,28,34
2021-05-04,8,30,24,21,20
2021-05-05,8,24,4,25,14
2021-05-06,31,29,23,33,17
2021-05-07,3,14,15,19,10
2021-05-08,2,34,31,5,13
2021-05-09,6,18,14,20,3
2021-05-10,2,7,28,29,21
2021-05-11,22,36,18,28,32
2021-05-12,35,2,30,11,1
2021-05-13,24,10,12,27,7
2021-05-14,36,10,12,31,35
2021-05-15,12,10,6,26,16
2021-05-16,24,33,30,1,16
2021-05-17,23,35,6,4,9
2021-05-18,12,16,33,17,15
2021-05-19,7,12,10,2,26
2021-05-20,36,2,8,33,32
2021-05-21,14,26,27,25,32
2021-05-22,5,2,10,26,30
2021-05-23,10,16,21,31,23
2021-05-24,27,22,1,4,3
2021-05-25,19,20,22,24,14
2021-05-26,10,21,22,2,35
2021-05-27,4,10,18,35,8
2021-05-28,18,15,29,23,27
2021-05-29,25,18,16,32,27
2021-05-30,29,9,12,32,18
2021-05-31,21,2,31,1,30
2021-06-01,31,34,8,5,15
2021-06-02,23,26,15,11,36
2021-06-03,4,16,26,31,6
2021-06-04,27,9,29,25,22
2021-06-05,19,10,22,5,9
2021-06-06,31,19,22,11,20
2021-06-07,19,25,29,31,18
2021-06-08,30,24,11,7,34
2021-06-09,15,36,16,4,35
2021-06-10,9,13,15,21,24
2021-06-11,6,4,32,12,28
2021-06-12,17,1,9,35,6
2021-06-13,33,19,20,8,7
2021-06-14,7,18,14,30,24
2021-06-15,4,7,20,17,19
2021-06-16,18,21,31,34,13
2021-06-17,30,22,5,2,4
2021-06-18,33,1,5,28,13
2021-06-19,4,17,27,30,32
2021-06-20,10,3,7,24,31
2021-06-21,36,30,21,12,27
2021-06-22,8,28,27,7,25
2021-06-23,32,12,2,27,21
2021-06-24,24,11,28,22,19
2021-06-25,28,27,22,6,11
2021-06-26,32,36,18,5,8
2021-06-27,24,8,17,16,36
2021-06-28,7,31,17,22,30
2021-06-29,27,24,19,26,21
2021-06-30,6,13,14,18,9
2021-07-01,36,3,30,27,5
2021-07-02,10,29,24,19,8
2021-07-03,22,33,35,27,3
2021-07-04,26,9,16,25,30
2021-07-05,26,5,33,32,36
2021-07-06,22,36,13,1,16
2021-07-07,7,9,10,20,11
2021-07-08,9,19,7,21,32
2021-07-09,16,4,17,12,2
2021-07-10,15,17,23,18,6
2021-07-11,9,5,24,13,22
2021-07-12,20,18,4,31,10
2021-07-13,8,26,6,20,22
2021-07-14,36,2,34,24,11
2021-07-15,24,22,9,17,7
2021-07-16,6,23,29,3,22
2021-07-17,35,15,4,24,31
2021-07-18,18,7,29,33,6
2021-07-19,22,7,13,11,6
2021-07-20,23,13,7,35,34
2021-07-21,21,3,27,16,35
2021-07-22,25,17,33,10,6
2021-07-23,4,7,34,18,9
2021-07-24,24,16,34,35,17
2021-07-25,17,23,11,31,34
2021-07-26,30,8,31,24,34
2021-07-27,22,35,13,31,11
2021-07-28,23,29,26,8,22
2021-07-29,29,18,24,20,33
2021-07-30,26,34,2,29,35
2021-07-31,10,13,26,30,34
2021-08-01,17,26,2,36,5
2021-08-02,20,29,32,18,28
2021-08-03,2,32,18,11,31
2021-08-04,30,5,6,7,27
2021-08-05,36,5,4,10,21
2021-08-06,34,30,7,16,12
2021-08-07,33,12,7,5,31
2021-08-08,24,19,22,18,13
2021-08-09,13,30,36,20,32
2021-08-10,29,18,8,20,10
2021-08-11,5,31,1,28,15
2021-08-12,15,22,4,13,7
2021-08-13,15,18,33,36,22
2021-08-14,35,36,33,29,15
2021-08-15,31,6,23,14,34
2021-08-16,29,3,22,31,28
2021-08-17,24,23,7,25,29
2021-08-18,14,10,17,11,8
2021-08-19,1,12,25,20,17
2021-08-20,7,27,16,20,32
2021-08-21,36,6,8,13,3
2021-08-22,16,5,20,27,22
2021-08-23,33,9,25,7,31
2021-08-24,33,32,13,25,10
2021-08-25,9,5,27,19,18
2021-08-26,5,19,29,28,21
2021-08-27,11,10,20,35,16
2021-08-28,16,6,22,30,8
2021-08-29,35,24,28,6,29
2021-08-30,5,15,23,31,29
2021-08-31,15,18,16,7,20
2021-09-01,30,13,22,36,6
2021-09-02,6,14,2,12,1
2021-09-03,36,4,14,2,15
2021-09-04,22,8,12,27,33
2021-09-05,29,6,4,28,26
2021-09-06,1,20,10,4,11
2021-09-07,8,4,36,35,11
2021-09-08,28,6,2,36,15
2021-09-09,25,10,12,32,18
2021-09-10,29,5,31,18,34
2021-09-11,20,34,2,22,18
2021-09-12,35,10,32,25,18
2021-09-13,12,35,33,20,31
2021-09-14,31,12,20,13,21
2021-09-15,24,32,1,33,23
2021-09-16,35,5,23,21,2
2021-09-17,10,34,19,26,9
2021-09-18,6,3,12,4,2
2021-09-19,21,16,30,33,28
2021-09-20,11,4,16,33,12
2021-09-21,17,12,36,24,15
2021-09-22,30,22,10,19,24
2021-09-23,16,22,3,5,4
2021-09-24,13,1,26,18,27
2021-09-25,29,28,8,6,14
2021-09-26,31,11,32,9,22
2021-09-27,5,25,18,8,36
2021-09-28,23,31,21,6,22
2021-09-29,15,32,33,20,23
2021-09-30,19,21,33,35,18
2021-10-01,16,2,18,20,29
2021-10-02,12,9,21,7,5
2021-10-03,32,21,4,27,6
2021-10-04,30,14,18,6,27
2021-10-05,3,25,21,14,16
2021-10-06,2,1,8,14,24
2021-10-07,34,10,7,15,1
2021-10-08,16,25,12,36,3
2021-10-09,26,32,25,20,18
2021-10-10,13,23,12,7,15
2021-10-11,32,17,20,34,15
2021-10-12,22,34,24,30,21
2021-10-13,11,27,25,14,17
2021-10-14,8,16,35,23,19
2021-10-15,2,9,4,7,19
2021-10-16,7,19,35,17,3
2021-10-17,17,13,22,24,29
2021-10-18,19,14,35,34,32
2021-10-19,36,17,5,24,10
2021-10-20,28,10,16,9,3
2021-10-21,1,23,15,4,27
2021-10-22,25,4,16,9,15
2021-10-23,26,10,30,32,25
2021-10-24,27,4,2,17,30
2021-10-25,33,23,36,19,10
2021-10-26,8,23,32,21,9
2021-10-27,9,1,29,8,33
2021-10-28,32,36,27,5,23
2021-10-29,36,33,35,24,16
2021-10-30,20,8,21,19,11
2021-10-31,19,20,35,4,14
2021-11-01,33,9,5,25,11
2021-11-02,29,8,34,22,21
2021-11-03,22,6,16,15,20
2021-11-04,3,10,20,27,35
2021-11-05,10,1,29,26,21
2021-11-06,30,15,23,3,6
2021-11-07,26,28,4,27,33
2021-11-08,31,17,32,22,30
2021-11-09,19,7,20,1,9
2021-11-10,6,1,34,22,27
2021-11-11,19,1,10,12,21
2021-11-12,20,14,26,36,19
2021-11-13,12,33,15,11,24
2021-11-14,11,8,10,6,16
2021-11-15,15,24,27,20,13
2021-11-16,29,31,28,5,17
2021-11-17,6,32,21,36,4
2021-11-18,30,11,15,10,19
2021-11-19,22,6,17,26,32
2021-11-20,35,4,11,32,6
2021-11-21,15,33,7,3,6
2021-11-22,25,16,18,30,31
2021-11-23,10,5,6,32,7
2021-11-24,1,26,18,34,8
2021-11-25,3,21,20,7,25
2021-11-26,28,30,29,9,3
2021-11-27,34,10,20,22,13
2021-11-28,5,20,1,9,10
2021-11-29,28,5,33,3,13
2021-11-30,3,1,9,34,11
2021-12-01,17,11,28,15,4
2021-12-02,8,20,11,32,3
2021-12-03,14,25,35,13,6
2021-12-04,29,24,1,36,12
2021-12-05,19,6,36,33,4
2021-12-06,23,36,6,13,10
2021-12-07,20,27,12,8,2
2021-12-08,25,5,20,9,11
2021-12-09,2,3,5,19,14
2021-12-10,34,35,24,31,7
2021-12-11,7,18,20,16,9
2021-12-12,36,20,29,27,35
2021-12-13,23,30,22,6,25
2021-12-14,3,20,28,15,12
2021-12-15,19,24,26,15,32
2021-12-16,10,28,3,25,16
2021-12-17,8,17,28,24,1
2021-12-18,13,20,6,17,30
2021-12-19,1,18,31,20,2
2021-12-20,1,20,2,35,8
2021-12-21,8,17,20,30,36
2021-12-22,5,30,6,8,32
2021-12-23,14,9,36,6,17
2021-12-24,8,24,22,29,23
2021-12-26,11,3,26,25,17
2021-12-27,19,31,17,21,29
2021-12-28,25,11,31,35,3
2021-12-29,16,19,10,14,17
2021-12-30,21,2,28,23,6
2021-12-31,4,19,3,18,24
2022-01-01,32,36,23,17,31
2022-01-02,25,21,12,23,31
2022-01-03,16,6,25,14,22
2022-01-04,32,16,29,4,22
2022-01-05,27,21,14,35,11
2022-01-06,9,5,36,20,26
2022-01-07,4,10,6,30,15
2022-01-08,36,30,13,14,33
2022-01-09,30,23,5,33,32
2022-01-10,23,1,34,3,11
2022-01-11,9,20,8,1,18
2022-01-12,36,22,3,27,33
2022-01-13,7,23,28,6,30
2022-01-14,34,33,25,30,8
2022-01-15,12,3,11,35,7
2022-01-16,1,23,19,33,28
2022-01-17,24,29,21,8,34
2022-01-18,33,11,21,16,15
2022-01-19,6,27,9,34,22
2022-01-20,29,32,8,15,20
2022-01-21,35,16,20,2,8
2022-01-22,31,16,10,33,3
2022-01-23,34,2,29,30,7
2022-01-24,28,30,25,16,15
2022-01-25,5,22,32,19,31
2022-01-26,8,33,15,14,18
2022-01-27,22,11,5,32,18
2022-01-28,18,22,23,25,8
2022-01-29,16,27,12,1,2
2022-01-30,7,29,5,36,25
2022-01-31,14,2,8,35,16
2022-02-01,1,2,15,32,25
2022-02-02,12,35,1,30,26
2022-02-03,24,30,6,9,35
2022-02-04,34,30,18,13,10
2022-02-05,25,13,7,27,20
2022-02-06,10,27,14,28,24
2022-02-07,35,15,20,36,4
2022-02-08,27,26,8,4,19
2022-02-09,9,21,6,3,10
2022-02-10,24,6,14,9,5
2022-02-11,27,5,26,4,32
2022-02-12,28,15,36,12,7
2022-02-13,1,4,34,21,32
2022-02-14,32,15,3,18,8
2022-02-15,17,3,36,29,22
2022-02-16,30,24,14,17,20
2022-02-17,4,33,18,10,24
2022-02-18,28,17,32,15,26
2022-02-19,13,16,25,15,2
2022-02-20,18,23,11,19,24
2022-02-21,5,36,28,12,2
2022-02-22,20,26,34,27,23
2022-02-23,19,28,3,16,34
2022-02-24,10,15,9,33,23
2022-02-25,34,3,29,19,28
2022-02-26,22,21,10,35,19
2022-02-27,5,22,2,15,27
2022-02-28,7,17,1,34,25
2022-03-01,14,32,15,16,12
2022-03-02,19,21,36,33,27
2022-03-03,29,36,1,32,19
2022-03-04,18,6,30,16,19
2022-03-05,11,24,14,34,32
2022-03-06,10,22,7,23,17
2022-03-07,20,21,35,5,11
2022-03-08,24,4,34,6,36
2022-03-09,23,14,24,7,3
2022-03-10,21,3,12,25,16
2022-03-11,30,3,8,24,7
2022-03-12,6,9,27,11,33
2022-03-13,31,33,13,8,3
2022-03-14,13,23,36,25,30
2022-03-15,25,14,33,5,35
2022-03-16,25,10,19,4,32
2022-03-17,17,6,12,20,9
2022-03-18,11,6,10,13,24
2022-03-19,25,30,21,29,6
2022-03-20,3,36,19,32,31
2022-03-21,29,33,3,4,10
2022-03-22,31,14,11,9,26
2022-03-23,4,31,24,15,21
2022-03-24,16,3,10,34,9
2022-03-25,10,34,2,36,26
2022-03-26,11,14,26,23,21
2022-03-27,33,4,16,20,11
2022-03-28,23,25,4,10,15
2022-03-29,1,28,3,7,8
2022-03-30,24,34,17,7,36
2022-03-31,3,26,31,14,8
2022-04-01,12,10,17,27,14
2022-04-02,1,10,25,3,4
2022-04-03,8,36,24,18,23
2022-04-04,6,1,12,23,5
2022-04-05,21,23,15,29,33
2022-04-06,22,2,20,8,1
2022-04-07,13,20,5,28,18
2022-04-08,1,8,7,29,10
2022-04-09,31,7,29,36,5
2022-04-10,5,17,18,7,1
2022-04-11,23,3,27,31,12
2022-04-12,1,27,35,5,29
2022-04-13,11,13,31,33,4
2022-04-14,10,20,12,5,34
2022-04-15,2,33,20,10,25
2022-04-16,2,28,33,15,35
2022-04-17,7,17,33,29,25
2022-04-18,4,23,27,36,2
2022-04-19,3,13,28,32,9
2022-04-20,22,21,32,27,29
2022-04-21,16,12,35,32,20
2022-04-22,28,2,21,34,5
2022-04-23,34,2,22,16,10
2022-04-24,20,29,5,32,30
2022-04-25,16,30,13,10,5
2022-04-26,31,35,5,28,27
2022-04-27,25,36,4,3,26
2022-04-28,14,2,28,19,10
2022-04-29,34,4,13,27,15
2022-04-30,7,10,15,31,4
2022-05-01,7,18,22,2,21
2022-05-02,11,32,24,3,33
2022-05-03,6,8,22,4,25
2022-05-04,2,26,32,36,28
2022-05-05,12,11,7,29,27
2022-05-06,29,16,6,7,22
2022-05-07,23,20,12,10,4
2022-05-08,23,30,13,4,9
2022-05-09,23,35,18,10,1
2022-05-10,10,25,14,13,20
2022-05-11,5,10,12,21,1
2022-05-12,20,27,25,9,5
2022-05-13,33,31,22,24,12
2022-05-14,3,20,24,2,8
2022-05-15,33,17,25,11,9
2022-05-16,6,18,2,7,29
2022-05-17,25,7,22,26,27
2022-05-18,21,15,29,32,18
2022-05-19,16,8,2,29,32
2022-05-20,5,7,6,14,26
2022-05-21,19,36,25,29,34
2022-05-22,6,21,20,1,4
2022-05-23,13,3,26,7,21
2022-05-24,4,10,7,21,14
2022-05-25,32,28,35,33,16
2022-05-26,28,3,22,33,18
2022-05-27,19,8,26,30,27
2022-05-28,28,31,15,14,26
2022-05-29,18,31,26,29,28
2022-05-30,33,9,2,1,12
2022-05-31,30,13,17,23,20
2022-06-01,12,4,7,25,18
2022-06-02,19,7,14,27,6
2022-06-03,25,13,22,27,11
2022-06-04,8,9,5,10,1
2022-06-05,24,9,20,4,10
2022-06-06,9,6,20,24,21
2022-06-07,1,20,18,17,11
2022-06-08,1,15,7,6,28
2022-06-09,33,3,2,11,25
2022-06-10,30,26,16,21,22
2022-06-11,9,14,31,6,1
2022-06-12,22,6,23,9,32
2022-06-13,35,25,5,6,31
2022-06-14,14,26,36,34,11
2022-06-15,34,3,22,18,5
2022-06-16,24,36,27,25,1
2022-06-17,11,9,32,33,8
2022-06-18,3,13,17,23,31
2022-06-19,26,8,22,15,36
2022-06-20,31,30,9,2,10
2022-06-21,6,33,9,36,27
2022-06-22,19,30,13,28,15
2022-06-23,3,6,21,23,11
2022-06-24,33,13,28,21,2
2022-06-25,13,27,8,29,18
2022-06-26,30,21,36,29,18
2022-06-27,2,21,33,18,3
2022-06-28,11,8,30,35,18
2022-06-29,9,10,4,28,13
2022-06-30,27,28,21,7,25
2022-07-01,10,16,15,9,5
2022-07-02,6,36,31,1,11
2022-07-03,1,18,26,14,16
2022-07-04,9,26,15,27,24
2022-07-05,33,1,8,31,2
2022-07-06,23,31,2,15,18
2022-07-07,33,18,20,34,23
2022-07-08,32,28,5,1,31
2022-07-09,36,4,29,10,22
2022-07-10,4,22,7,36,5
2022-07-11,18,19,31,3,22
2022-07-12,11,6,7,29,1
2022-07-13,21,15,33,6,29
2022-07-14,19,8,2,18,6
2022-07-15,28,19,31,24,20
2022-07-16,20,17,22,8,6
2022-07-17,5,21,27,31,35
2022-07-18,16,8,29,14,19
2022-07-19,16,10,18,31,28
2022-07-20,21,30,15,4,27
2022-07-21,1,27,4,35,23
2022-07-22,2,17,23,35,9
2022-07-23,28,26,10,4,9
2022-07-24,3,28,34,10,19
2022-07-25,36,19,9,24,28
2022-07-26,34,3,13,19,1
2022-07-27,24,2,31,4,36
2022-07-28,1,36,2,27,30
2022-07-29,10,5,2,20,28
2022-07-30,32,4,28,36,10
2022-07-31,4,30,25,31,20
2022-08-01,9,33,15,3,18
2022-08-02,21,26,10,29,18
2022-08-03,25,8,6,24,22
2022-08-04,26,6,31,21,17
2022-08-05,28,16,26,1,17
2022-08-06,33,9,24,31,18
2022-08-07,20,18,36,24,32
2022-08-08,34,4,31,22,5
2022-08-09,14,24,15,23,3
2022-08-10,13,17,8,1,6
2022-08-11,8,20,16,19,18
2022-08-12,5,30,32,29,27
2022-08-13,4,18,28,31,19
2022-08-14,17,26,33,1,24
2022-08-15,35,23,15,32,20
2022-08-16,21,27,12,19,1
2022-08-17,8,5,2,34,28
2022-08-18,5,17,31,26,11
2022-08-19,16,27,34,28,1
2022-08-20,16,9,32,20,33
2022-08-21,15,35,23,19,6
2022-08-22,4,26,32,35,17
2022-08-23,8,6,29,21,22
2022-08-24,22,5,23,2,12
2022-08-25,12,15,17,6,8
2022-08-26,23,31,10,21,12
2022-08-27,20,5,23,30,21
2022-08-28,23,32,29,22,33
2022-08-29,26,29,10,21,34
2022-08-30,22,28,25,16,33
2022-08-31,22,11,27,28,18
2022-09-01,19,36,6,29,16
2022-09-02,2,1,3,24,26
2022-09-03,8,18,24,25,11
2022-09-04,31,36,6,7,2
2022-09-05,10,15,25,12,14
2022-09-06,15,9,11,26,13
2022-09-07,13,15,26,17,12
2022-09-08,24,29,1,6,22
2022-09-09,15,30,36,19,10
2022-09-10,35,18,14,33,31
2022-09-11,32,16,27,17,9
2022-09-12,26,1,12,20,21
2022-09-13,9,5,32,33,18
2022-09-14,16,28,5,17,31
2022-09-15,4,25,14,33,26
2022-09-16,11,12,27,18,8
2022-09-17,15,5,25,32,35
2022-09-18,28,34,11,2,15
2022-09-19,17,33,9,24,13
2022-09-20,5,12,14,3,4
2022-09-21,26,3,1,28,30
2022-09-22,2,22,11,32,34
2022-09-23,12,9,27,28,5
2022-09-24,18,21,7,31,9
2022-09-25,14,17,7,33,18
2022-09-26,21,8,9,32,19
2022-09-27,20,30,17,10,7
2022-09-28,5,23,13,32,21
2022-09-29,8,12,5,2,17
2022-09-30,23,26,1,11,32
2022-10-01,6,1,21,19,20
2022-10-02,8,14,13,17,23
2022-10-03,4,34,26,14,13
2022-10-04,25,8,22,32,9
2022-10-05,28,33,8,21,12
2022-10-06,34,15,7,27,32
2022-10-07,6,31,24,17,30
2022-10-08,34,20,6,29,10
2022-10-09,23,8,32,22,28
2022-10-10,13,35,8,9,31
2022-10-11,16,28,5,3,19
2022-10-12,16,12,9,36,21
2022-10-13,18,20,15,19,26
2022-10-14,6,27,28,10,14
2022-10-15,34,10,11,18,28
2022-10-16,2,18,33,11,13
2022-10-17,36,25,33,30,18
2022-10-18,30,4,19,14,15
2022-10-19,35,12,19,22,9
2022-10-20,4,7,8,17,1
2022-10-21,20,2,33,16,23
2022-10-22,17,31,25,14,11
2022-10-23,34,11,2,20,6
2022-10-24,14,18,12,7,4
2022-10-25,13,3,27,16,5
2022-10-26,10,11,8,29,24
2022-10-27,7,21,25,13,28
2022-10-28,8,33,10,19,36
2022-10-29,28,27,21,12,31
2022-10-30,28,24,20,2,29
2022-10-31,26,28,14,25,7
2022-11-01,8,35,36,21,26
2022-11-02,31,6,19,16,11
2022-11-03,30,9,13,18,19
2022-11-04,4,14,15,1,36
2022-11-05,31,22,36,13,12
2022-11-06,28,7,26,2,34
2022-11-07,21,2,4,12,28
2022-11-08,18,17,31,5,28
2022-11-09,5,15,33,25,27
2022-11-10,24,10,33,35,30
2022-11-11,28,24,7,20,17
2022-11-12,25,29,32,9,16
2022-11-13,3,15,2,22,9
2022-11-14,14,2,18,15,23
2022-11-15,31,24,10,11,3
2022-11-16,19,26,4,5,24
2022-11-17,4,18,6,24,25
2022-11-18,4,34,6,32,14
2022-11-19,28,7,23,1,4
2022-11-20,25,17,21,4,35
2022-11-21,21,32,12,7,10
2022-11-22,5,17,14,6,22
2022-11-23,7,6,29,16,34
2022-11-24,25,18,27,6,15
2022-11-25,25,36,6,13,28
2022-11-26,3,7,13,32,34
2022-11-27,30,26,27,15,35
2022-11-28,2,1,13,29,11
2022-11-29,11,5,14,6,27
2022-11-30,2,30,9,24,8
2022-12-01,26,20,17,23,15
2022-12-02,22,31,12,18,3
2022-12-03,35,30,28,34,6
2022-12-04,34,15,9,28,11
2022-12-05,10,29,23,11,36
2022-12-06,14,15,29,5,33
2022-12-07,3,26,35,34,28
2022-12-08,28,32,25,7,27
2022-12-09,26,21,17,35,9
2022-12-10,26,20,30,36,35
2022-12-11,3,6,12,5,32
2022-12-12,7,13,12,26,17
2022-12-13,6,1,2,10,19
2022-12-14,22,11,10,16,14
2022-12-15,16,25,10,21,26
2022-12-16,31,35,34,23,10
2022-12-17,24,31,18,34,28
2022-12-18,1,8,15,32,2
2022-12-19,13,1,4,3,26
2022-12-20,20,2,16,11,8
2022-12-21,28,17,26,32,19
2022-12-22,21,19,22,13,7
2022-12-23,12,27,29,1,26
2022-12-24,27,31,22,34,5
2022-12-26,23,17,10,12,5
2022-12-27,14,3,13,31,30
2022-12-28,7,31,5,30,8
2022-12-29,19,11,6,29,3
2022-12-30,13,2,21,31,26
2022-12-31,25,35,21,26,2
2023-01-01,33,27,1,26,11
2023-01-02,28,22,16,17,34
2023-01-03,34,17,19,26,16
2023-01-04,27,35,29,12,10
2023-01-05,1,13,12,16,11
2023-01-06,33,26,32,1,24
2023-01-07,31,27,13,1,28
2023-01-08,31,29,9,24,10
2023-01-09,13,27,9,30,23
2023-01-10,31,11,10,8,4
2023-01-11,25,1,35,5,17
2023-01-12,26,34,29,11,10
2023-01-13,13,19,7,30,6
2023-01-14,19,12,2,3,29
2023-01-15,28,6,12,31,25
2023-01-16,9,8,2,30,23
2023-01-17,13,28,6,18,21
2023-01-18,27,33,8,2,5
2023-01-19,23,1,35,32,31
2023-01-20,10,23,6,8,26
2023-01-21,15,20,13,6,24
2023-01-22,12,23,5,33,30
2023-01-23,16,25,4,27,19
2023-01-24,3,36,8,18,14
2023-01-25,4,8,17,7,6
2023-01-26,28,18,19,29,6
2023-01-27,5,2,4,14,20
2023-01-28,6,15,22,23,32
2023-01-29,27,28,10,25,13
2023-01-30,15,13,8,30,3
2023-01-31,15,33,30,8,23
2023-02-01,23,4,9,13,31
2023-02-02,2,21,16,7,12
2023-02-03,36,14,7,29,21
2023-02-04,36,19,3,21,14
2023-02-05,5,22,21,26,30
2023-02-06,29,21,25,7,5
2023-02-07,11,35,14,34,19
2023-02-08,5,21,18,1,31
2023-02-09,18,10,34,23,26
2023-02-10,10,30,1,19,15
2023-02-11,3,19,32,1,33
2023-02-12,5,14,8,3,21
2023-02-13,11,35,28,7,15
2023-02-14,14,10,34,18,22
2023-02-15,13,33,10,32,30
2023-02-16,34,15,3,8,36
2023-02-17,11,3,6,19,33
2023-02-18,19,15,29,6,16
2023-02-19,10,17,30,35,6
2023-02-20,16,34,33,2,19
2023-02-21,36,3,12,2,11
2023-02-22,22,7,15,5,10
2023-02-23,22,30,10,17,14
2023-02-24,6,4,19,25,21
2023-02-25,30,18,27,36,14
2023-02-26,9,4,14,6,17
2023-02-27,26,4,33,23,17
2023-02-28,30,35,29,36,25
2023-03-01,8,12,36,25,33
2023-03-02,35,24,33,6,11
2023-03-03,32,18,19,23,35
2023-03-04,18,14,23,16,34
2023-03-05,36,29,14,9,10
2023-03-06,22,23,17,7,26
2023-03-07,1,18,6,2,26
2023-03-08,3,25,15,18,10
2023-03-09,9,14,25,5,32
2023-03-10,24,26,2,34,4
2023-03-11,22,21,11,30,27
2023-03-12,24,14,22,9,29
2023-03-13,16,20,18,22,32
2023-03-14,20,17,2,13,24
2023-03-15,15,27,28,30,36
2023-03-16,26,21,20,18,5
2023-03-17,25,14,30,9,18
2023-03-18,4,25,35,19,10
2023-03-19,23,25,22,19,32
2023-03-20,15,31,19,30,11
2023-03-21,9,26,7,4,24
2023-03-22,32,19,4,29,20
2023-03-23,23,17,28,27,24
2023-03-24,10,34,24,9,2
2023-03-25,17,3,10,8,35
2023-03-26,17,1,14,28,9
2023-03-27,12,21,1,25,10
2023-03-28,23,7,33,2,12
2023-03-29,13,1,15,9,24
2023-03-30,10,8,2,5,4
2023-03-31,32,18,34,13,4
2023-04-01,23,4,29,2,18
2023-04-02,3,27,22,1,35
2023-04-03,4,20,19,13,29
2023-04-04,5,1,25,10,27
2023-04-05,11,22,19,5,27
2023-04-06,12,10,6,1,31
2023-04-07,27,4,21,2,36
2023-04-08,35,31,7,28,2
2023-04-09,35,25,19,16,15
2023-04-10,16,26,14,28,10
2023-04-11,29,35,4,24,20
2023-04-12,10,15,4,24,25
2023-04-13,5,32,1,20,19
2023-04-14,23,2,5,20,11
2023-04-15,22,19,10,6,9
2023-04-16,36,35,30,26,23
2023-04-17,35,2,9,11,19
2023-04-18,6,23,34,32,2
2023-04-19,6,10,23,9,35
2023-04-20,34,6,14,16,33
2023-04-21,32,8,26,25,27
2023-04-22,5,19,14,3,12
2023-04-23,19,35,13,22,33
2023-04-24,9,32,31,8,35
2023-04-25,28,32,7,12,27
2023-04-26,11,7,8,19,17
2023-04-27,32,11,17,6,1
2023-04-28,10,18,23,32,22
2023-04-29,34,3,20,12,17
2023-04-30,5,29,6,30,21
2023-05-01,32,33,7,35,12
2023-05-02,32,36,7,25,21
2023-05-03,21,35,14,4,11
2023-05-04,23,8,29,33,6
2023-05-05,36,34,15,32,14
2023-05-06,28,8,11,15,3
2023-05-07,5,13,16,19,28
2023-05-08,16,13,6,9,36
2023-05-09,1,26,11,13,36
2023-05-10,8,9,3,35,19
2023-05-11,10,14,22,32,17
2023-05-12,23,34,26,13,22
2023-05-13,30,28,31,10,3
2023-05-14,15,32,12,34,35
2023-05-15,17,5,29,32,2
2023-05-16,12,27,31,11,14
2023-05-17,14,34,11,27,1
2023-05-18,4,9,30,31,35
2023-05-19,4,33,20,7,36
2023-05-20,26,16,14,28,11
2023-05-21,11,4,5,33,15
2023-05-22,36,9,10,32,8
2023-05-23,7,23,27,13,1
2023-05-24,16,32,13,7,11
2023-05-25,5,10,23,3,12
2023-05-26,18,22,9,15,36
2023-05-27,22,12,20,13,2
2023-05-28,16,7,24,6,27
2023-05-29,9,11,14,24,25
2023-05-30,20,6,30,18,29
2023-05-31,15,31,20,5,1
2023-06-01,13,14,35,25,5
2023-06-02,8,14,24,10,7
2023-06-03,21,35,14,3,5
2023-06-04,34,11,35,17,16
2023-06-05,2,14,27,17,24
2023-06-06,34,18,13,32,3
2023-06-07,18,28,27,32,15
2023-06-08,28,36,25,11,21
2023-06-09,14,4,23,13,2
2023-06-10,20,23,36,10,32
2023-06-11,6,7,16,23,14
2023-06-12,21,16,34,12,15
2023-06-13,16,17,11,30,33
2023-06-14,13,18,2,12,23
2023-06-15,28,16,24,19,4
2023-06-16,34,8,32,22,24
2023-06-17,3,9,19,27,30
2023-06-18,15,32,25,30,11
2023-06-19,12,9,27,35,32
2023-06-20,8,9,13,31,7
2023-06-21,14,33,1,28,25
2023-06-22,23,21,27,24,10
2023-06-23,34,9,6,28,4
2023-06-24,15,27,34,33,13
2023-06-25,20,7,15,25,26
2023-06-26,12,15,25,27,10
2023-06-27,18,9,4,28,8
2023-06-28,7,25,13,27,36
2023-06-29,1,5,9,18,28
2023-06-30,2,26,11,12,25
2023-07-01,12,34,30,31,21
2023-07-02,35,12,18,4,6
2023-07-03,11,8,24,21,31
2023-07-04,34,26,11,28,33
2023-07-05,12,28,11,2,3
2023-07-06,3,20,9,31,22
2023-07-07,35,12,3,1,30
2023-07-08,19,1,17,28,21
2023-07-09,18,2,15,25,4
2023-07-10,5,12,22,19,4
2023-07-11,31,20,28,33,14
2023-07-12,31,16,23,27,24
2023-07-13,6,18,4,1,5
2023-07-14,20,30,16,24,35
2023-07-15,29,26,35,25,36
2023-07-16,27,30,7,25,14
2023-07-17,34,19,22,28,4
2023-07-18,25,27,33,10,23
2023-07-19,10,16,17,25,14
2023-07-20,4,16,21,25,7
2023-07-21,11,10,28,6,13
2023-07-22,13,1,29,16,26
2023-07-23,22,16,23,15,1
2023-07-24,24,8,22,12,14
2023-07-25,18,20,7,23,1
2023-07-26,7,27,14,8,35
2023-07-27,8,4,29,32,26
2023-07-28,15,30,34,6,8
2023-07-29,5,24,25,8,10
2023-07-30,16,26,5,13,1
2023-07-31,1,19,32,30,23
2023-08-01,11,17,10,32,13
2023-08-02,4,34,6,24,17
2023-08-03,14,5,2,20,30
2023-08-04,11,27,24,8,31
2023-08-05,5,8,28,33,23
2023-08-06,11,1,31,2,7
2023-08-07,22,5,34,1,29
2023-08-08,18,7,4,34,8
2023-08-09,35,17,8,26,11
2023-08-10,14,22,17,26,20
2023-08-11,33,5,30,27,16
2023-08-12,33,1,25,35,36
2023-08-13,28,15,33,14,16
2023-08-14,1,9,31,24,21
2023-08-15,14,34,10,6,15
2023-08-16,4,25,5,36,31
2023-08-17,11,17,1,2,32
2023-08-18,2,28,33,25,16
2023-08-19,11,21,32,18,13
2023-08-20,1,32,14,36,20
2023-08-21,12,5,8,18,6
2023-08-22,2,15,27,12,36
2023-08-23,12,3,22,23,14
2023-08-24,8,20,29,6,33
2023-08-25,13,21,28,29,35
2023-08-26,12,15,9,18,10
2023-08-27,12,20,26,8,28
2023-08-28,4,30,14,22,32
2023-08-29,25,11,24,6,22
2023-08-30,34,3,5,35,13
2023-08-31,26,11,31,7,4
2023-09-01,31,36,8,35,33
2023-09-02,12,24,33,2,25
2023-09-03,8,25,17,14,34
2023-09-04,8,1,22,10,13
2023-09-05,35,16,5,17,23
2023-09-06,17,4,24,15,26
2023-09-07,7,1,15,31,9
2023-09-08,6,24,36,10,23
2023-09-09,15,19,25,3,20
2023-09-10,1,19,9,14,13
2023-09-11,32,35,22,4,6
2023-09-12,32,15,4,29,11
2023-09-13,18,20,10,16,12
2023-09-14,12,8,16,22,28
2023-09-15,36,34,33,2,8
2023-09-16,30,12,35,5,9
2023-09-17,30,29,19,2,8
2023-09-18,31,32,30,3,4
2023-09-19,30,8,1,33,26
2023-09-20,9,18,26,7,31
2023-09-21,4,5,6,12,24
2023-09-22,16,10,30,28,13
2023-09-23,34,22,10,31,12
2023-09-24,9,26,15,28,8
2023-09-25,18,33,10,22,3
2023-09-26,27,10,7,2,26
2023-09-27,33,16,19,32,25
2023-09-28,30,9,10,5,23
2023-09-29,2,29,11,7,15
2023-09-30,24,7,3,36,17
2023-10-01,17,31,23,25,16
2023-10-02,17,7,5,22,1
2023-10-03,2,18,7,28,11
2023-10-04,16,5,8,17,36
2023-10-05,7,9,17,24,23
2023-10-06,14,5,12,27,26
2023-10-07,20,3,27,21,22
2023-10-08,14,2,8,23,32
2023-10-09,31,13,35,1,29
2023-10-10,10,34,3,31,13
2023-10-11,1,33,31,12,21
2023-10-12,11,13,7,9,6
2023-10-13,23,14,3,17,13
2023-10-14,14,12,18,19,22
2023-10-15,34,16,23,33,10
2023-10-16,20,27,17,22,3
2023-10-17,12,30,22,35,28
2023-10-18,29,17,30,22,32
2023-10-19,16,12,6,8,36
2023-10-20,21,1,3,30,13
2023-10-21,16,21,24,31,14
2023-10-22,15,6,14,12,2
2023-10-23,7,3,21,18,15
2023-10-24,9,18,3,16,34
2023-10-25,29,31,30,10,35
2023-10-26,22,1,12,3,28
2023-10-27,14,34,13,11,18
2023-10-28,16,6,7,22,31
2023-10-29,20,26,12,34,13
2023-10-30,10,33,31,36,2
2023-10-31,28,29,20,13,16
2023-11-01,17,29,9,26,13
2023-11-02,35,19,25,16,21
2023-11-03,18,20,21,28,15
2023-11-04,4,36,16,35,14
2023-11-05,21,34,4,17,23
2023-11-06,19,7,15,4,28
2023-11-07,36,1,18,5,7
2023-11-08,30,36,28,34,21
2023-11-09,20,11,13,25,16
2023-11-10,17,16,8,36,33
2023-11-11,27,19,12,35,29
2023-11-12,31,20,5,6,19
2023-11-13,36,22,31,13,33
2023-11-14,5,28,13,6,11
2023-11-15,17,5,22,36,11
2023-11-16,28,19,36,2,8
2023-11-17,20,12,31,33,6
2023-11-18,33,21,5,34,31
2023-11-19,23,28,20,10,8
2023-11-20,28,30,2,35,11
2023-11-21,6,7,3,1,30
2023-11-22,27,9,5,14,31
2023-11-23,3,21,33,28,24
2023-11-24,1,32,16,36,31
2023-11-25,4,24,20,7,1
2023-11-26,7,27,26,1,15
2023-11-27,23,29,15,4,14
2023-11-28,6,29,36,33,21
2023-11-29,18,19,31,35,26
2023-11-30,35,13,21,7,23
2023-12-01,17,9,29,19,16
2023-12-02,35,33,1,29,31
2023-12-03,9,1,22,25,20
2023-12-04,10,12,34,6,7
2023-12-05,31,27,5,19,8
2023-12-06,4,9,32,35,2
2023-12-07,27,18,23,24,13
2023-12-08,36,30,22,9,14
2023-12-09,33,32,13,22,34
2023-12-10,5,11,2,35,29
2023-12-11,6,20,15,13,21
2023-12-12,22,19,10,36,32
2023-12-13,24,22,32,4,23
2023-12-14,14,3,1,8,10
2023-12-15,14,36,3,17,23
2023-12-16,30,15,29,2,14
2023-12-17,11,17,27,16,21
2023-12-18,15,1,32,23,16
2023-12-19,21,1,7,9,34
2023-12-20,20,1,18,29,10
2023-12-21,11,10,15,33,6
2023-12-22,36,20,24,28,25
2023-12-23,23,6,18,29,34
2023-12-24,18,12,17,7,9
2023-12-26,19,16,35,36,14
2023-12-27,8,27,19,10,3
2023-12-28,30,3,6,32,19
2023-12-29,18,15,21,19,6
2023-12-30,26,22,20,9,1
2023-12-31,35,36,11,33,14
2024-01-01,17,14,3,32,2
2024-01-02,30,27,33,16,19
2024-01-03,34,31,25,2,10
2024-01-04,14,7,3,19,34
2024-01-05,6,34,18,29,3
2024-01-06,29,21,17,32,8
2024-01-07,25,31,20,4,29
2024-01-08,19,23,4,12,26
2024-01-09,17,27,3,13,6
2024-01-10,4,9,19,3,13
2024-01-11,14,9,27,32,18
2024-01-12,36,1,25,34,8
2024-01-13,11,9,7,30,5
2024-01-14,33,35,27,10,19
2024-01-15,33,27,5,25,34
2024-01-16,28,34,7,25,9
2024-01-17,20,3,33,24,17
2024-01-18,31,12,15,29,22
2024-01-19,32,9,10,35,21
2024-01-20,14,5,30,6,33
2024-01-21,19,22,18,4,1
2024-01-22,34,31,18,2,9
2024-01-23,23,22,25,15,36
2024-01-24,26,9,22,11,27
2024-01-25,3,11,1,32,12
2024-01-26,10,33,17,21,2
2024-01-27,14,10,27,29,32
2024-01-28,14,34,15,35,9
2024-01-29,11,22,10,8,23
2024-01-30,3,30,29,10,16
2024-01-31,12,4,29,10,9
2024-02-01,28,10,35,18,34
2024-02-02,11,13,20,33,16
2024-02-03,36,8,33,22,5
2024-02-04,1,18,23,11,2
2024-02-05,12,3,14,28,10
2024-02-06,16,32,33,21,8
2024-02-07,19,11,10,32,7
2024-02-08,27,33,16,2,24
2024-02-09,34,36,24,10,29
2024-02-10,29,16,24,7,12
2024-02-11,14,17,9,13,10
2024-02-12,14,30,27,3,34
2024-02-13,7,8,26,16,30
2024-02-14,36,4,29,1,10
2024-02-15,10,2,16,34,19
2024-02-16,14,18,32,1,20
2024-02-17,25,8,28,15,10
2024-02-18,16,17,33,6,5
2024-02-19,1,27,2,26,5
2024-02-20,30,32,22,7,13
2024-02-21,36,35,1,9,16
2024-02-22,29,15,5,13,16
2024-02-23,26,19,33,4,25
2024-02-24,1,15,2,11,20
2024-02-25,26,21,15,28,27
2024-02-26,4,36,32,3,9
2024-02-27,20,27,36,33,11
2024-02-28,29,4,17,27,26
2024-02-29,16,7,21,14,28
2024-03-01,20,22,29,24,31
2024-03-02,15,9,36,6,16
2024-03-03,15,6,7,34,24
2024-03-04,18,9,27,12,6
2024-03-05,4,6,3,8,23
2024-03-06,9,12,28,30,4
2024-03-07,28,22,3,13,12
2024-03-08,10,15,11,21,12
2024-03-09,16,11,20,29,18
2024-03-10,6,7,12,29,18
2024-03-11,9,4,16,12,21
2024-03-12,3,36,34,28,27
2024-03-13,4,29,8,15,13
2024-03-14,11,35,24,32,27
2024-03-15,23,8,34,4,24
2024-03-16,25,13,3,15,28
2024-03-17,19,26,28,4,5
2024-03-18,5,4,9,27,35
2024-03-19,19,16,24,9,18
2024-03-20,34,19,18,25,10
2024-03-21,17,30,8,22,21
2024-03-22,6,7,30,9,16
2024-03-23,8,7,31,20,24
2024-03-24,7,35,9,27,10
2024-03-25,4,15,33,8,35
2024-03-26,2,4,18,5,11
2024-03-27,1,8,10,3,28
2024-03-28,23,2,22,30,19
2024-03-29,13,27,11,23,2
2024-03-30,35,6,13,14,1
2024-03-31,6,4,5,9,11
2024-04-01,31,18,23,5,11
2024-04-02,24,31,36,33,14
2024-04-03,22,8,27,2,36
2024-04-04,8,21,29,26,1
2024-04-05,35,10,2,11,33
2024-04-06,35,4,33,30,17
2024-04-07,23,7,4,14,2
2024-04-08,8,11,28,31,14
2024-04-09,2,28,8,31,26
2024-04-10,6,35,21,27,10
2024-04-11,2,34,26,9,5
2024-04-12,34,19,9,31,11
2024-04-13,8,13,23,31,6
2024-04-14,31,26,2,34,7
2024-04-15,17,12,13,1,25
2024-04-16,22,27,9,4,2
2024-04-17,18,29,33,8,34
2024-04-18,28,19,34,33,15
2024-04-19,23,32,6,4,29
2024-04-20,14,33,28,8,17
2024-04-21,4,9,24,11,26
2024-04-22,4,36,10,13,12
2024-04-23,23,35,36,12,6
2024-04-24,26,3,33,28,5
2024-04-25,8,30,21,5,10
2024-04-26,9,6,17,7,30
2024-04-27,15,7,17,23,11
2024-04-28,6,34,29,9,31
2024-04-29,7,9,26,25,36
2024-04-30,35,32,22,30,1
2024-05-01,20,7,3,14,29
2024-05-02,29,8,25,2,31
2024-05-03,26,18,5,24,2
2024-05-04,9,34,23,24,32
2024-05-05,28,31,18,14,17
2024-05-06,3,6,31,11,10
2024-05-07,28,11,5,22,1
2024-05-08,8,26,28,18,22
2024-05-09,33,3,15,26,24
2024-05-10,4,1,18,33,5
2024-05-11,27,26,30,6,8
2024-05-12,29,11,31,8,7
2024-05-13,9,8,16,11,13
2024-05-14,24,7,20,25,18
2024-05-15,22,31,15,7,23
2024-05-16,28,15,26,12,32
2024-05-17,7,13,3,27,36
2024-05-18,7,17,13,36,11
2024-05-19,23,20,7,36,33
2024-05-20,36,9,35,31,16
2024-05-21,3,1,17,34,35
2024-05-22,35,33,18,30,4
2024-05-23,23,32,19,13,31
2024-05-24,36,22,20,29,17
2024-05-25,3,13,34,35,9
2024-05-26,2,22,18,4,9
2024-05-27,22,2,1,3,5
2024-05-28,16,6,31,25,19
2024-05-29,21,13,10,33,24
2024-05-30,8,4,3,21,33
2024-05-31,19,1,34,29,31
2024-06-01,22,8,13,24,3
2024-06-02,36,10,22,8,30
2024-06-03,17,26,2,36,10
2024-06-04,11,20,27,2,26
2024-06-05,13,6,1,29,10
2024-06-06,23,15,26,11,34
2024-06-07,4,25,13,22,18
2024-06-08,7,1,12,33,24
2024-06-09,21,3,23,29,18
2024-06-10,5,16,21,25,11
2024-06-11,29,8,9,25,1
2024-06-12,18,35,19,34,20
2024-06-13,35,34,36,24,5
2024-06-14,20,15,35,36,2
2024-06-15,21,18,31,4,16
2024-06-16,12,15,25,11,35
2024-06-17,34,11,14,4,2
2024-06-18,6,11,4,24,14
2024-06-19,24,32,7,23,9
2024-06-20,5,28,10,1,20
2024-06-21,15,34,7,18,17
2024-06-22,24,8,32,5,1
2024-06-23,21,23,9,8,12
2024-06-24,9,11,15,21,27
2024-06-25,30,27,7,23,10
2024-06-26,8,19,13,23,4
2024-06-27,2,13,3,12,34
2024-06-28,14,15,25,4,23
2024-06-29,33,36,11,10,21
2024-06-30,2,11,32,13,1
2024-07-01,18,31,32,16,25
2024-07-02,30,1,22,16,24
2024-07-03,17,31,13,11,34
2024-07-04,36,34,1,9,13
2024-07-05,32,24,10,8,27
2024-07-06,10,11,30,34,16
2024-07-07,30,12,16,15,14
2024-07-08,6,12,34,32,16
2024-07-09,15,17,28,31,3
2024-07-10,21,26,19,12,14
2024-07-11,28,13,15,25,4
2024-07-12,30,20,35,9,15
2024-07-13,6,7,30,14,17
2024-07-14,34,16,32,10,25
2024-07-15,22,1,29,4,32
2024-07-16,7,1,18,35,11
2024-07-17,30,2,23,35,19
2024-07-18,36,26,25,32,4
2024-07-19,26,11,22,24,32
2024-07-20,20,17,32,36,24
2024-07-21,28,30,4,14,2
2024-07-22,36,34,15,30,11
2024-07-23,10,34,6,14,32
2024-07-24,33,14,11,7,16
2024-07-25,6,17,8,33,19
2024-07-26,27,11,31,7,4
2024-07-27,33,19,32,10,25
2024-07-28,1,3,4,12,32
2024-07-29,24,35,16,27,3
2024-07-30,26,20,11,23,5
2024-07-31,11,2,16,4,27
2024-08-01,8,16,35,10,9
2024-08-02,11,25,15,16,1
2024-08-03,21,19,1,25,23
2024-08-04,15,21,14,6,7
2024-08-05,27,1,23,9,20
2024-08-06,5,19,14,25,17
2024-08-07,24,17,33,1,10
2024-08-08,15,36,28,25,29
2024-08-09,8,36,32,22,14
2024-08-10,10,31,26,1,4
2024-08-11,8,4,19,7,26
2024-08-12,16,22,20,11,5
2024-08-13,30,2,33,22,3
2024-08-14,15,25,20,29,34
2024-08-15,32,29,19,13,3
2024-08-16,24,11,36,30,10
2024-08-17,21,34,27,33,7
2024-08-18,7,31,32,28,1
2024-08-19,33,14,12,34,22
2024-08-20,21,24,28,18,4
2024-08-21,22,28,34,27,5
2024-08-22,12,7,6,24,8
2024-08-23,24,29,11,2,16
2024-08-24,25,11,21,13,34
2024-08-25,6,31,15,23,27
2024-08-26,5,32,10,31,17
2024-08-27,17,27,4,2,14
2024-08-28,26,32,18,30,17
2024-08-29,35,16,26,1,29
2024-08-30,2,34,27,16,5
2024-08-31,8,34,17,35,31
2024-09-01,31,30,34,13,15
2024-09-02,4,6,8,25,14
2024-09-03,6,18,17,16,9
2024-09-04,25,32,20,14,24
2024-09-05,28,23,11,33,13
2024-09-06,11,29,23,36,22
2024-09-07,14,13,21,31,24
2024-09-08,6,26,23,27,29
2024-09-09,35,15,11,20,36
2024-09-10,1,9,24,13,31
2024-09-11,21,34,1,11,13
2024-09-12,36,12,14,24,10
2024-09-13,17,28,29,26,4
2024-09-14,23,29,19,17,31
2024-09-15,35,21,25,10,36
2024-09-16,7,9,20,10,28
2024-09-17,19,34,23,2,18
2024-09-18,1,17,4,11,15
2024-09-19,33,22,8,10,32
2024-09-20,12,7,25,13,2
2024-09-21,28,6,33,1,15
2024-09-22,10,14,6,5,2
2024-09-23,32,3,31,11,7
2024-09-24,9,10,17,14,11
2024-09-25,33,20,11,35,19
2024-09-26,30,1,15,32,31
2024-09-27,35,4,34,25,16
2024-09-28,7,2,8,12,13
2024-09-29,18,17,25,10,35
2024-09-30,17,16,13,15,35
2024-10-01,22,23,32,28,34
2024-10-02,34,29,30,11,2
2024-10-03,2,3,1,25,31
2024-10-04,33,17,32,29,30
2024-10-05,31,30,12,5,35
2024-10-06,36,23,35,33,13
2024-10-07,34,7,29,3,32
2024-10-08,13,19,15,24,6
2024-10-09,13,25,23,11,22
2024-10-10,10,34,26,11,4
2024-10-11,7,25,21,26,5
2024-10-12,1,9,33,2,27
2024-10-13,25,8,26,4,36
2024-10-14,14,36,22,25,28
2024-10-15,27,33,25,30,22
2024-10-16,16,14,7,5,25
2024-10-17,28,6,32,7,8
2024-10-18,12,26,20,7,4
2024-10-19,13,10,30,8,23
2024-10-20,30,33,29,11,1
2024-10-21,5,26,22,17,7
2024-10-22,2,4,1,33,26
2024-10-23,26,33,3,16,24
2024-10-24,8,28,30,11,23
2024-10-25,6,25,14,11,24
2024-10-26,33,31,10,23,5
2024-10-27,20,15,16,30,29
2024-10-28,14,22,16,30,25
2024-10-29,36,7,24,15,23
2024-10-30,15,28,17,36,26
2024-10-31,26,27,31,6,8
2024-11-01,20,15,19,29,18
2024-11-02,4,3,29,24,18
2024-11-03,35,31,17,3,4
2024-11-04,11,5,12,36,28
2024-11-05,13,24,4,3,23
2024-11-06,34,24,29,27,30
2024-11-07,25,18,15,12,4
2024-11-08,16,19,5,11,17
2024-11-09,10,24,7,15,4
2024-11-10,21,18,20,7,34
2024-11-11,35,12,11,2,23
2024-11-12,21,34,16,29,22
2024-11-13,14,23,28,9,2
2024-11-14,21,9,32,34,25
2024-11-15,8,31,29,20,19
2024-11-16,18,36,19,1,33
2024-11-17,6,10,22,28,25
2024-11-18,21,7,32,2,16
2024-11-19,16,19,36,8,6
2024-11-20,23,30,35,28,13
2024-11-21,1,13,2,7,21
2024-11-22,12,2,25,9,32
2024-11-23,13,21,34,1,18
2024-11-24,23,11,33,14,18
2024-11-25,2,18,20,17,4
2024-11-26,21,8,20,35,30
2024-11-27,18,5,31,6,29
2024-11-28,6,8,36,26,35
2024-11-29,13,27,20,24,17
2024-11-30,36,28,24,30,17
2024-12-01,15,24,28,18,5
2024-12-02,16,26,2,10,8
2024-12-03,2,36,1,20,29
2024-12-04,6,1,20,22,8
2024-12-05,21,27,25,3,9
2024-12-06,5,17,18,8,35
2024-12-07,32,14,8,25,36
2024-12-08,14,20,32,36,18
2024-12-09,12,25,31,35,2
2024-12-10,20,35,5,28,11
2024-12-11,6,28,9,7,18
2024-12-12,16,26,19,27,36
2024-12-13,12,27,7,33,19
2024-12-14,17,28,6,22,31
2024-12-15,14,19,30,2,10
2024-12-16,27,36,25,18,5
2024-12-17,6,17,9,27,21
2024-12-18,29,15,33,4,27
2024-12-19,20,3,33,15,24
2024-12-20,15,11,14,25,9
2024-12-21,1,23,3,10,18
2024-12-22,4,33,3,8,32
2024-12-23,18,28,8,1,14
2024-12-24,23,14,34,27,30
2024-12-26,14,5,32,23,36
2024-12-27,17,29,24,2,12
2024-12-28,18,10,21,6,1
2024-12-29,2,5,32,20,35
2024-12-30,10,27,21,30,31
2024-12-31,7,28,19,18,30
2025-01-01,10,35,8,34,36
2025-01-02,33,16,2,8,32
2025-01-03,6,36,1,29,27
2025-01-04,30,27,25,12,35
2025-01-05,3,5,28,9,12
2025-01-06,31,33,6,13,21
2025-01-07,15,20,23,19,34
2025-01-08,32,20,13,7,2
2025-01-09,24,27,6,23,7
2025-01-10,14,20,7,16,12
2025-01-11,17,35,9,28,12
2025-01-12,7,20,34,12,33
2025-01-13,29,16,3,21,11
2025-01-14,12,6,15,13,1
2025-01-15,33,3,12,2,18
2025-01-16,13,27,26,28,24
2025-01-17,31,26,11,14,18
2025-01-18,11,10,9,14,20
2025-01-19,23,13,15,32,7
2025-01-20,6,23,8,5,28
2025-01-21,32,5,23,20,22
2025-01-22,25,11,29,31,33
2025-01-23,18,28,17,7,9
2025-01-24,30,29,14,27,33
2025-01-25,22,2,4,28,3
2025-01-26,34,1,35,13,17
2025-01-27,17,4,2,34,5
2025-01-28,33,27,9,28,20
2025-01-29,10,29,28,33,14
2025-01-30,36,24,9,35,2
2025-01-31,1,26,3,8,28
2025-02-01,35,4,14,28,6
2025-02-02,19,14,35,31,26
2025-02-03,3,10,7,28,8
2025-02-04,23,36,15,13,25
2025-02-05,19,17,35,8,29
2025-02-06,19,25,30,14,6
2025-02-07,26,4,21,2,3
2025-02-08,15,10,20,17,23
2025-02-09,33,9,31,1,27
2025-02-10,15,18,26,9,21
2025-02-11,29,27,33,1,26
2025-02-12,8,1,3,11,27
2025-02-13,16,21,19,23,18
2025-02-14,1,27,10,31,5
2025-02-15,6,34,28,17,2
2025-02-16,16,30,24,7,26
2025-02-17,19,33,18,34,20
2025-02-18,4,21,28,2,17
2025-02-19,12,25,4,33,17
2025-02-20,35,6,25,26,3
2025-02-21,15,12,27,17,22
2025-02-22,30,24,7,3,9
2025-02-23,32,36,22,27,12
2025-02-24,32,2,36,30,6
2025-02-25,36,34,2,13,20
2025-02-26,3,18,34,25,36
2025-02-27,31,4,20,13,32
2025-02-28,33,30,9,16,19
2025-03-01,5,22,25,29,23
2025-03-02,23,30,36,4,13
2025-03-03,18,16,24,19,22
2025-03-04,27,23,21,14,16
2025-03-05,8,1,36,3,16
2025-03-06,9,14,16,1,27
2025-03-07,16,6,22,36,30
2025-03-08,35,7,33,20,6
2025-03-09,12,5,19,36,32
2025-03-10,10,12,1,21,6
2025-03-11,16,31,10,6,9
2025-03-12,34,30,15,19,18
2025-03-13,33,12,32,25,29
2025-03-14,33,27,17,16,35
2025-03-15,36,17,29,9,23
2025-03-16,30,21,4,25,12
2025-03-17,7,3,34,35,23
2025-03-18,33,4,27,23,25
2025-03-19,8,35,18,26,29
2025-03-20,10,1,22,4,19
2025-03-21,13,36,2,6,21
2025-03-22,23,14,13,8,24
2025-03-23,27,5,25,11,9
2025-03-24,5,7,17,28,13
2025-03-25,11,21,35,27,15
2025-03-26,4,1,3,12,8
2025-03-27,23,22,11,8,5
2025-03-28,6,16,30,11,5
2025-03-29,4,7,16,26,19
2025-03-30,12,20,28,3,14
2025-03-31,5,35,10,31,16
2025-04-01,20,32,24,27,31
2025-04-02,24,11,26,7,9
2025-04-03,15,34,23,17,35
2025-04-04,14,29,2,17,13
2025-04-05,31,28,2,19,17
2025-04-06,24,15,1,8,33
2025-04-07,17,34,32,10,13
2025-04-08,30,4,17,26,2
2025-04-09,5,15,32,24,3
2025-04-10,12,7,9,17,2
2025-04-11,28,10,3,25,13
2025-04-12,17,14,35,2,27
2025-04-13,36,24,21,35,25
2025-04-14,25,31,7,19,5
2025-04-15,26,3,8,33,12
2025-04-16,23,33,17,9,13
2025-04-17,10,2,12,28,20
2025-04-18,28,9,3,2,31
2025-04-19,23,1,7,9,24
2025-04-20,34,25,10,27,32
2025-04-21,13,33,15,28,17
2025-04-22,11,9,22,29,21
2025-04-23,3,25,30,5,1
2025-04-24,32,34,28,35,27
2025-04-25,4,30,7,21,27
2025-04-26,15,21,27,3,33
2025-04-27,14,17,24,11,21
2025-04-28,13,1,4,35,28
2025-04-29,4,11,9,30,14
2025-04-30,3,10,22,18,25
2025-05-01,3,19,35,22,25
2025-05-02,24,11,19,13,4
2025-05-03,6,26,4,28,24
2025-05-04,20,26,35,14,31
2025-05-05,2,15,13,27,35
2025-05-06,14,27,6,7,3
2025-05-07,4,7,27,8,2
2025-05-08,18,23,35,27,32
2025-05-09,15,2,1,11,26
2025-05-10,9,23,21,19,28
2025-05-11,2,18,20,19,21
2025-05-12,16,4,36,1,31
2025-05-13,1,5,19,31,35
2025-05-14,34,2,35,3,17
2025-05-15,12,6,15,3,2
2025-05-16,19,18,31,1,32
2025-05-17,13,8,1,6,4
2025-05-18,33,19,21,16,9
2025-05-19,16,24,10,7,35
2025-05-20,29,28,13,30,16
2025-05-21,11,13,18,1,30
2025-05-22,33,1,6,23,26
2025-05-23,20,12,15,2,3
2025-05-24,35,4,34,27,15
2025-05-25,4,24,11,1,20
2025-05-26,16,5,15,7,14
2025-05-27,8,9,1,36,24
2025-05-28,3,13,15,27,12
2025-05-29,21,7,18,3,2
2025-05-30,11,22,25,9,13
2025-05-31,6,24,12,35,23
2025-06-01,25,16,29,15,21
2025-06-02,35,18,23,24,9
2025-06-03,1,30,13,22,3
2025-06-04,26,11,2,10,12
2025-06-05,7,27,35,22,15
2025-06-06,22,12,7,4,29
2025-06-07,26,13,7,2,33
2025-06-08,19,6,32,18,20
2025-06-09,32,18,3,11,35
2025-06-10,15,36,12,29,3
2025-06-11,14,31,11,4,32
2025-06-12,21,19,31,23,4
2025-06-13,18,35,20,2,15
2025-06-14,5,30,4,19,13
2025-06-15,31,11,20,9,14
2025-06-16,21,16,1,3,8
2025-06-17,10,35,21,30,27
2025-06-18,27,3,19,26,13
2025-06-19,34,17,33,20,21
2025-06-20,4,18,20,36,2
2025-06-21,20,24,27,3,7
2025-06-22,35,10,32,13,27
2025-06-23,19,12,27,4,5
2025-06-24,17,8,35,31,25
2025-06-25,13,2,3,28,26
2025-06-26,33,35,18,11,14
2025-06-27,31,19,28,33,9
2025-06-28,33,31,11,7,35
2025-06-29,9,11,22,7,21
2025-06-30,6,28,12,19,20
2025-07-01,28,21,11,32,30
2025-07-02,28,36,26,16,11
2025-07-03,18,15,5,33,3
2025-07-04,35,10,32,26,22
2025-07-05,30,24,9,18,4
2025-07-06,11,32,5,33,7
2025-07-07,3,33,28,1,22
2025-07-08,31,20,33,28,2
2025-07-09,32,35,10,4,12
2025-07-10,24,9,3,27,20
2025-07-11,14,36,6,22,8
2025-07-12,17,13,32,25,4
2025-07-13,24,5,1,23,13
2025-07-14,26,29,17,32,6
2025-07-15,18,16,26,30,24
2025-07-16,30,5,22,10,20
2025-07-17,28,7,36,5,4
2025-07-18,2,33,15,19,17
2025-07-19,8,19,6,11,3
2025-07-20,6,36,31,28,24
2025-07-21,29,1,17,19,3
2025-07-22,2,17,20,14,31
2025-07-23,30,6,15,19,13
2025-07-24,29,14,31,27,10
2025-07-25,28,2,34,6,30
2025-07-26,14,16,23,29,21
2025-07-27,25,28,17,14,32
2025-07-28,36,23,22,10,33
2025-07-29,27,26,14,12,28
2025-07-30,10,20,3,12,15
2025-07-31,24,9,5,14,21
2025-08-01,14,27,25,20,9
2025-08-02,4,12,5,27,19
2025-08-03,19,22,5,6,10
2025-08-04,22,7,17,6,5
2025-08-05,10,24,13,25,1
2025-08-06,35,11,29,4,2
2025-08-07,30,35,15,14,33
2025-08-08,4,3,19,15,13
2025-08-09,29,15,30,10,4
2025-08-10,2,16,28,22,18
2025-08-11,29,10,12,26,34
2025-08-12,2,8,3,14,34
2025-08-13,19,31,14,3,15
2025-08-14,29,12,16,21,19
2025-08-15,15,26,24,14,35
2025-08-16,26,9,18,23,5
2025-08-17,29,19,5,26,30
2025-08-18,30,10,25,12,18
2025-08-19,4,8,17,20,13
2025-08-20,25,14,7,17,22
2025-08-21,18,31,8,12,29
2025-08-22,22,27,14,11,17
2025-08-23,19,8,31,21,25
2025-08-24,4,6,7,11,25
2025-08-25,26,10,8,25,11
2025-08-26,15,27,7,36,10
2025-08-27,27,3,20,1,12
2025-08-28,7,21,14,12,30
2025-08-29,4,16,13,9,1
2025-08-30,8,16,29,7,14
2025-08-31,3,27,13,8,35
2025-09-01,9,16,24,27,2
2025-09-02,4,14,32,3,17
2025-09-03,11,17,27,3,33
2025-09-04,10,23,22,29,12
2025-09-05,9,17,21,7,13
2025-09-06,33,22,19,29,27
2025-09-07,2,34,14,17,1
2025-09-08,12,8,14,6,35
2025-09-09,36,21,23,15,16
2025-09-10,3,7,2,35,23
2025-09-11,32,1,13,21,26
2025-09-12,10,7,34,28,30
2025-09-13,7,30,20,9,26
2025-09-14,35,28,11,3,29
2025-09-15,25,15,11,16,5
2025-09-16,18,14,12,26,4
2025-09-17,27,33,25,5,29
2025-09-18,3,13,32,11,25
2025-09-19,35,26,20,9,16
2025-09-20,3,16,8,1,27
2025-09-21,21,26,14,2,11
2025-09-22,2,25,5,6,11
2025-09-23,16,35,15,31,14
2025-09-24,32,31,28,10,18
2025-09-25,9,16,22,7,34
2025-09-26,29,17,36,28,12
2025-09-27,30,21,17,16,2
2025-09-28,22,13,23,26,6
2025-09-29,4,25,11,31,20
2025-09-30,28,11,26,34,22
2025-10-01,27,26,1,24,20
2025-10-02,34,10,26,11,14
2025-10-03,31,25,14,35,26
2025-10-04,4,26,28,11,14
2025-10-05,36,14,20,10,2
2025-10-06,10,5,36,27,22
2025-10-07,2,27,18,9,34
2025-10-08,1,33,7,22,24
2025-10-09,36,29,9,18,3
2025-10-10,8,12,7,28,6
2025-10-11,1,14,34,11,16
2025-10-12,16,12,7,33,26
2025-10-13,32,24,10,4,21
2025-10-14,16,17,15,30,13
2025-10-15,8,6,29,34,3
2025-10-16,12,8,20,34,33
2025-10-17,28,29,18,23,7
2025-10-18,12,18,4,1,27
2025-10-19,22,17,14,27,23
2025-10-20,15,26,9,35,31
2025-10-21,9,27,22,23,15
2025-10-22,10,32,1,19,17
2025-10-23,20,18,33,7,27
2025-10-24,16,23,34,3,7
2025-10-25,28,33,30,32,23
2025-10-26,23,2,25,9,12
2025-10-27,17,1,20,22,23
2025-10-28,11,5,18,20,30
2025-10-29,5,24,31,29,3
2025-10-30,34,15,21,11,5
2025-10-31,10,24,5,36,22
2025-11-01,16,24,22,12,8
2025-11-02,15,16,10,3,17
2025-11-03,17,28,24,27,20
2025-11-04,20,27,26,31,28
2025-11-05,17,3,5,4,16
2025-11-06,8,32,13,31,17
2025-11-07,35,32,25,11,7
2025-11-08,4,23,2,16,36
2025-11-09,33,3,2,32,10
2025-11-10,3,36,25,12,22
2025-11-11,30,32,24,19,21
2025-11-12,27,26,28,25,32
2025-11-13,28,4,31,26,14
2025-11-14,11,2,33,22,18
2025-11-15,10,2,13,6,35
2025-11-16,18,9,5,16,21
2025-11-17,12,30,11,21,6
2025-11-18,12,16,18,22,26
2025-11-19,31,4,21,14,15
2025-11-20,14,1,33,19,11
2025-11-21,3,20,32,27,2
2025-11-22,17,34,27,36,5
2025-11-23,34,17,8,30,16
2025-11-24,36,20,2,23,11
2025-11-25,6,25,31,7,26
2025-11-26,24,30,20,12,33
2025-11-27,9,21,26,33,22
2025-11-28,19,24,36,1,32
2025-11-29,35,22,23,3,1
2025-11-30,26,14,17,24,9
2025-12-01,12,23,22,7,21
2025-12-02,6,22,7,9,27
2025-12-03,8,26,4,13,25
2025-12-04,21,26,6,4,33
2025-12-05,35,10,9,13,30
2025-12-06,20,30,22,18,35
2025-12-07,26,21,13,5,34
2025-12-08,25,28,19,16,36
2025-12-09,32,22,6,5,10
2025-12-10,9,28,29,17,19
2025-12-11,15,8,26,20,33
2025-12-12,14,11,16,6,18
2025-12-13,8,29,19,30,7
2025-12-14,36,2,7,9,28
2025-12-15,30,12,35,8,20
2025-12-16,32,22,2,9,26
2025-12-17,6,13,3,10,4
2025-12-18,29,2,18,21,9
2025-12-19,26,12,25,33,35
2025-12-20,13,28,8,3,12
2025-12-21,21,10,33,26,17
2025-12-22,28,25,36,23,17
2025-12-23,34,5,30,20,36
2025-12-24,6,36,31,12,34
2025-12-26,23,10,9,32,25
2025-12-27,4,16,13,34,17
2025-12-28,13,14,21,15,31
2025-12-29,33,18,2,23,27
2025-12-30,18,13,31,21,2
2025-12-31,32,31,4,10,7
2026-01-01,27,35,34,25,36
2026-01-02,21,25,9,26,10
2026-01-03,23,11,6,26,10
2026-01-04,18,19,34,27,5
2026-01-05,20,13,1,7,28
2026-01-06,9,14,27,5,23
2026-01-07,14,21,30,4,2
2026-01-08,27,36,30,25,29
2026-01-09,2,27,31,12,26
2026-01-10,15,35,17,3,24
2026-01-11,35,17,20,34,16
2026-01-12,11,3,27,30,35
2026-01-13,10,29,15,8,23
2026-01-14,35,29,31,28,6
2026-01-15,8,22,15,13,32
2026-01-16,12,33,21,2,14
2026-01-17,28,33,7,4,35
2026-01-18,23,14,34,19,36
2026-01-19,24,23,11,31,5
2026-01-20,9,8,13,36,15
2026-01-21,12,13,10,21,35
2026-01-22,3,31,20,8,10
2026-01-23,33,13,7,5,21
2026-01-24,6,1,9,22,17
2026-01-25,26,21,30,32,28
2026-01-26,1,9,27,3,4
2026-01-27,29,17,21,11,14
2026-01-28,8,19,26,29,3
2026-01-29,8,28,26,15,5
2026-01-30,11,26,23,8,24
2026-01-31,4,36,6,29,21
2026-02-01,13,3,15,17,24
2026-02-02,30,1,27,24,2
2026-02-03,27,2,13,34,36
2026-02-04,9,5,10,8,18
2026-02-05,20,30,33,23,14
2026-02-06,1,7,15,24,16
2026-02-07,17,6,27,32,25
2026-02-08,35,12,16,23,33
2026-02-09,7,34,32,22,9
2026-02-10,26,21,22,3,7
2026-02-11,35,5,33,18,19
2026-02-12,16,5,4,23,22
2026-02-13,16,8,34,29,3
2026-02-14,7,31,28,25,18
2026-02-15,16,9,17,18,10
2026-02-16,7,14,20,12,8
2026-02-17,31,26,24,17,3
2026-02-18,21,1,9,16,15
2026-02-19,28,14,11,29,8
2026-02-20,27,7,12,30,5
2026-02-21,30,24,34,1,14
2026-02-22,21,5,1,6,4
2026-02-23,36,7,14,29,31
2026-02-24,35,17,16,21,26
2026-02-25,9,10,32,14,2
2026-02-26,2,25,33,4,8
2026-02-27,23,11,1,8,27
2026-02-28,2,4,15,7,20
2026-03-01,24,29,7,34,12
2026-03-02,6,14,2,3,31
2026-03-03,1,22,36,17,16
2026-03-04,6,15,11,33,31
2026-03-05,19,22,16,36,9
2026-03-06,9,8,27,19,14
2026-03-07,30,13,32,27,20
2026-03-08,11,6,25,8,36
2026-03-09,21,9,30,12,5
2026-03-10,9,4,13,30,7
2026-03-11,35,15,31,34,26
2026-03-12,10,33,35,25,8
2026-03-13,10,25,35,16,28
2026-03-14,3,35,22,4,32
2026-03-15,18,7,21,28,3
2026-03-16,8,23,15,28,19
2026-03-17,33,25,2,21,24
2026-03-18,14,8,20,27,5
2026-03-19,29,4,30,31,9
2026-03-20,19,16,31,32,24
2026-03-21,7,21,5,12,8
2026-03-22,33,5,31,28,32
2026-03-23,20,2,36,29,9
2026-03-24,7,20,8,11,21
2026-03-25,33,20,26,15,23
2026-03-26,36,25,23,27,7
2026-03-27,24,9,11,22,12
2026-03-28,11,30,20,6,15
2026-03-29,10,35,34,23,28
2026-03-30,25,34,4,26,1
2026-03-31,16,25,13,14,6
2026-04-01,10,3,21,24,16
2026-04-02,23,25,35,34,33
2026-04-03,12,27,3,25,28
2026-04-04,34,9,13,17,21
2026-04-05,23,19,13,31,22
2026-04-06,21,11,17,10,36
2026-04-07,34,13,10,36,35
2026-04-08,17,6,34,16,10
2026-04-09,9,6,12,29,15
2026-04-10,6,19,35,24,26
2026-04-11,22,35,17,11,20
2026-04-12,1,36,25,10,33
2026-04-13,24,29,14,35,11
2026-04-14,23,29,31,24,35
2026-04-15,10,13,30,9,27
2026-04-16,1,21,17,19,20
2026-04-17,4,32,9,20,18
2026-04-18,2,31,4,20,1
2026-04-19,26,6,5,1,28
2026-04-20,8,25,33,21,3
2026-04-21,13,20,14,8,22
2026-04-22,27,25,30,12,1
2026-04-23,8,22,33,21,23
2026-04-24,19,6,25,24,23
2026-04-25,1,5,13,30,31
2026-04-26,14,21,10,24,26
2026-04-27,35,1,26,10,21
2026-04-28,33,23,36,30,34
2026-04-29,17,10,16,19,33
2026-04-30,24,30,22,2,31
2026-05-01,11,20,12,35,22
2026-05-02,10,18,13,34,36
2026-05-03,22,36,3,9,12
2026-05-04,34,25,4,36,20
2026-05-05,33,30,6,21,35
2026-05-06,7,10,4,30,35
2026-05-07,18,1,6,35,14
2026-05-08,15,7,1,26,17
2026-05-09,23,9,32,18,13
2026-05-10,20,25,1,22,27
2026-05-11,1,27,28,23,11
2026-05-12,19,28,35,3,5
2026-05-13,28,33,4,6,10
2026-05-14,16,15,7,4,23
2026-05-15,22,6,30,13,2
2026-05-16,21,22,19,14,31
2026-05-17,14,15,16,10,8
2026-05-18,23,12,32,28,7
2026-05-19,21,19,18,27,30
2026-05-20,14,21,6,20,2
2026-05-21,10,14,28,27,15
2026-05-22,24,23,11,1,36
2026-05-23,4,22,30,19,31
2026-05-24,6,12,10,31,23
2026-05-25,36,8,25,1,7
2026-05-26,23,5,25,20,32
2026-05-27,15,10,32,4,22
2026-05-28,35,3,28,26,14
2026-05-29,22,26,20,36,11
2026-05-30,16,5,24,9,10
2026-05-31,10,17,29,1,7
2026-06-01,4,5,23,32,29
2026-06-02,10,32,6,24,5
2026-06-03,21,15,26,22,36
2026-06-04,18,30,29,16,26
2026-06-05,8,20,9,21,3
2026-06-06,24,31,5,27,20
2026-06-07,13,7,4,10,17
2026-06-08,6,2,9,11,34
2026-06-09,1,19,31,7,9
2026-06-10,2,7,21,15,4
2026-06-11,13,8,31,29,17
2026-06-12,25,32,20,34,30
2026-06-13,8,15,1,5,36
2026-06-14,18,25,36,4,30
2026-06-15,19,30,24,5,26
2026-06-16,31,16,29,4,8
2026-06-17,16,17,4,3,12
2026-06-18,18,7,9,14,36
2026-06-19,28,32,34,26,10
2026-06-20,22,21,16,20,1
2026-06-21,7,16,2,14,11
2026-06-22,9,31,7,5,32
2026-06-23,19,11,33,25,13
2026-06-24,35,19,24,7,5
2026-06-25,12,17,10,22,11
2026-06-26,13,20,3,1,25
2026-06-27,14,10,28,9,25
2026-06-28,20,8,34,2,28
2026-06-29,25,8,30,4,31
2026-06-30,21,16,2,3,36
2026-07-01,30,18,4,25,8
2026-07-02,7,27,13,2,6
