draw_no,draw_date_raw,n1,n2,n3,n4,n5
1,10.03.2019,1,7,11,18,34
2,11.03.2019,7,10,19,24,32
3,12.03.2019,11,16,17,29,32
4,13.03.2019,4,10,16,21,35
5,14.03.2019,1,5,9,26,32
6,15.03.2019,9,10,12,25,27
7,16.03.2019,2,5,16,18,19
8,17.03.2019,5,9,15,21,36
9,18.03.2019,1,18,29,33,36
10,19.03.2019,7,9,11,19,26
11,20.03.2019,2,16,19,29,33
12,21.03.2019,2,7,10,14,23
13,22.03.2019,9,12,17,33,35
14,23.03.2019,3,7,10,13,17
15,24.03.2019,1,21,24,28,29
16,25.03.2019,10,11,12,19,23
17,26.03.2019,2,9,13,30,32
18,27.03.2019,4,5,10,12,25
19,28.03.2019,7,20,30,31,34
20,29.03.2019,1,5,6,27,31
21,30.03.2019,16,17,24,25,30
22,31.03.2019,1,15,23,32,34
23,01.04.2019,3,10,23,25,36
24,02.04.2019,5,21,22,26,32
25,03.04.2019,8,14,16,33,34
26,04.04.2019,1,3,10,16,36
27,05.04.2019,36,35,27,15,13
28,06.04.2019,17,24,36,25,4
29,07.04.2019,20,35,23,6,34
30,08.04.2019,15,13,11,19,31
31,09.04.2019,16,31,6,24,30
32,10.04.2019,24,5,10,15,29
33,11.04.2019,1,29,14,19,7
34,12.04.2019,4,8,19,36,34
35,13.04.2019,30,5,34,33,18
36,14.04.2019,3,26,24,17,23
37,15.04.2019,19,5,28,33,4
38,16.04.2019,17,2,27,7,24
39,17.04.2019,32,27,8,34,23
40,18.04.2019,10,22,12,14,20
41,19.04.2019,19,3,5,15,24
42,20.04.2019,36,3,24,30,6
43,21.04.2019,9,29,7,2,1
44,22.04.2019,20,9,16,21,30
45,23.04.2019,2,35,36,11,8
46,24.04.2019,19,24,12,18,8
47,25.04.2019,28,19,4,14,33
48,26.04.2019,33,28,23,1,34
49,27.04.2019,21,29,18,28,13
50,28.04.2019,18,26,30,34,32
51,29.04.2019,5,15,36,16,25
52,30.04.2019,5,28,25,20,3
53,01.05.2019,4,33,29,2,6
54,02.05.2019,16,14,24,8,5
55,03.05.2019,8,35,24,27,5
56,04.05.2019,26,17,11,15,25
57,05.05.2019,29,34,5,32,26
58,06.05.2019,29,32,25,16,14
59,07.05.2019,22,25,3,11,12
60,08.05.2019,6,22,21,7,15
61,09.05.2019,19,34,13,18,8
62,10.05.2019,19,5,9,26,31
63,11.05.2019,36,7,6,28,11
64,12.05.2019,36,33,6,1,17
65,13.05.2019,8,16,28,24,32
66,14.05.2019,6,20,22,4,25
67,15.05.2019,7,6,32,17,13
68,16.05.2019,34,18,33,14,5
69,17.05.2019,26,20,10,29,15
70,18.05.2019,21,33,31,7,15
71,19.05.2019,12,33,21,1,34
72,20.05.2019,22,28,31,25,11
73,21.05.2019,26,34,2,12,28
74,22.05.2019,25,14,15,11,6
75,23.05.2019,1,17,36,29,16
76,24.05.2019,31,11,20,2,9
77,25.05.2019,6,10,34,21,31
78,26.05.2019,15,30,9,27,16
79,27.05.2019,5,17,21,19,2
80,28.05.2019,13,15,14,9,25
81,29.05.2019,19,28,20,32,33
82,30.05.2019,11,23,5,6,30
83,31.05.2019,35,25,2,4,36
84,01.06.2019,26,14,12,34,19
85,02.06.2019,24,3,25,18,16
86,03.06.2019,6,3,22,10,23
87,04.06.2019,16,35,33,29,22
88,05.06.2019,20,6,28,36,9
89,06.06.2019,36,15,17,35,30
90,07.06.2019,6,15,24,28,23
91,08.06.2019,28,36,18,5,31
92,09.06.2019,34,32,35,13,22
93,10.06.2019,22,25,7,35,28
94,11.06.2019,13,4,30,14,18
95,12.06.2019,33,20,34,17,6
96,13.06.2019,34,27,3,18,19
97,14.06.2019,32,1,2,18,4
98,15.06.2019,28,33,15,21,13
99,16.06.2019,8,33,20,29,14
100,17.06.2019,17,9,8,20,28
101,18.06.2019,3,25,10,12,32
102,19.06.2019,30,8,17,4,18
103,20.06.2019,28,19,23,33,26
104,21.06.2019,27,26,14,7,35
105,22.06.2019,25,35,33,11,2
106,23.06.2019,15,7,14,24,23
107,24.06.2019,4,19,30,7,23
108,25.06.2019,18,1,4,3,16
109,26.06.2019,26,33,15,36,32
110,27.06.2019,6,31,4,25,36
111,28.06.2019,9,10,21,8,36
112,29.06.2019,5,27,15,1,9
113,30.06.2019,27,4,17,10,21
114,01.07.2019,13,33,2,26,10
115,02.07.2019,13,14,8,28,35
116,03.07.2019,24,9,7,1,26
117,04.07.2019,1,5,3,35,18
118,05.07.2019,27,2,24,33,20
119,06.07.2019,24,2,16,11,12
120,07.07.2019,2,6,13,25,9
121,08.07.2019,13,4,31,20,8
122,09.07.2019,22,15,27,31,24
123,10.07.2019,23,9,27,7,26
124,11.07.2019,25,10,3,36,35
125,12.07.2019,21,24,8,6,19
126,13.07.2019,3,9,32,31,2
127,14.07.2019,33,26,11,23,27
128,15.07.2019,22,20,16,30,8
129,16.07.2019,18,26,8,25,11
130,17.07.2019,35,19,29,4,32
131,18.07.2019,29,4,20,28,36
132,19.07.2019,10,28,31,11,6
133,20.07.2019,9,13,22,35,31
134,21.07.2019,20,9,29,35,14
135,22.07.2019,6,24,28,9,15
136,23.07.2019,2,34,17,6,26
137,24.07.2019,28,18,5,29,14
138,25.07.2019,16,5,2,21,13
139,26.07.2019,19,36,13,27,35
140,27.07.2019,31,18,3,35,19
141,28.07.2019,3,2,12,35,10
142,29.07.2019,33,17,15,14,6
143,30.07.2019,1,12,7,25,13
144,31.07.2019,13,11,5,19,35
145,01.08.2019,33,12,36,21,25
146,02.08.2019,15,32,29,3,21
147,03.08.2019,13,34,27,14,29
148,04.08.2019,3,35,30,8,21
149,05.08.2019,36,15,23,10,20
150,06.08.2019,15,28,24,10,13
151,07.08.2019,7,26,16,9,15
152,08.08.2019,21,29,6,7,3
153,09.08.2019,14,16,15,27,17
154,10.08.2019,28,13,3,32,22
155,11.08.2019,26,5,14,20,34
156,12.08.2019,17,15,30,23,6
157,13.08.2019,12,33,2,28,26
158,14.08.2019,21,28,18,31,7
159,15.08.2019,32,36,23,9,2
160,16.08.2019,34,4,21,19,24
161,17.08.2019,5,2,16,8,26
162,18.08.2019,15,29,6,16,2
163,19.08.2019,11,2,20,9,18
164,20.08.2019,35,1,2,31,22
165,21.08.2019,26,13,32,21,6
166,22.08.2019,23,7,18,32,29
167,23.08.2019,29,23,20,7,35
168,24.08.2019,26,27,23,16,33
169,25.08.2019,12,17,18,15,16
170,26.08.2019,17,28,29,27,36
171,27.08.2019,12,29,2,27,5
172,28.08.2019,31,26,14,20,22
173,29.08.2019,13,9,2,34,5
174,30.08.2019,17,24,26,36,33
175,31.08.2019,29,8,6,22,13
176,01.09.2019,29,2,3,16,36
177,02.09.2019,24,33,14,26,17
178,03.09.2019,30,1,18,10,4
179,04.09.2019,24,5,20,36,23
180,05.09.2019,12,22,9,29,1
181,06.09.2019,10,6,27,25,26
182,07.09.2019,14,4,29,2,25
183,08.09.2019,12,10,19,27,15
184,09.09.2019,3,19,23,12,10
185,10.09.2019,3,1,11,33,15
186,11.09.2019,1,32,16,21,26
187,12.09.2019,24,20,6,4,29
188,13.09.2019,5,25,30,33,29
189,14.09.2019,8,11,15,35,14
190,15.09.2019,27,2,3,9,12
191,16.09.2019,12,23,21,11,27
192,17.09.2019,20,12,34,36,27
193,18.09.2019,12,15,25,23,10
194,19.09.2019,10,15,12,23,16
195,20.09.2019,23,7,31,34,26
196,21.09.2019,23,17,28,14,29
197,22.09.2019,25,14,27,10,2
198,23.09.2019,30,29,20,21,2
199,24.09.2019,31,27,35,34,10
200,25.09.2019,4,28,13,23,12
201,26.09.2019,14,11,3,24,27
202,27.09.2019,28,33,19,22,21
203,28.09.2019,33,8,28,9,31
204,29.09.2019,12,6,19,31,13
205,30.09.2019,18,4,25,3,8
206,01.10.2019,34,11,27,17,28
207,02.10.2019,26,32,17,33,2
208,03.10.2019,21,23,6,13,7
209,04.10.2019,1,9,3,26,32
210,05.10.2019,33,3,6,24,9
211,06.10.2019,12,8,10,2,27
212,07.10.2019,24,25,21,36,22
213,08.10.2019,24,13,31,15,27
214,09.10.2019,13,29,32,20,35
215,10.10.2019,5,36,28,22,6
216,11.10.2019,14,22,11,10,24
217,12.10.2019,28,18,17,36,1
218,13.10.2019,25,8,7,5,27
219,14.10.2019,6,11,19,22,31
220,15.10.2019,27,9,18,25,15
221,16.10.2019,22,9,17,25,2
222,17.10.2019,4,25,31,18,20
223,18.10.2019,13,18,36,15,2
224,19.10.2019,8,16,26,11,30
225,20.10.2019,19,16,34,6,17
226,21.10.2019,29,19,27,34,28
227,22.10.2019,23,2,32,8,18
228,23.10.2019,21,4,17,29,30
229,24.10.2019,35,3,10,32,1
230,25.10.2019,31,10,19,16,29
231,26.10.2019,9,33,22,2,36
232,27.10.2019,7,5,9,28,6
233,28.10.2019,36,18,28,34,23
234,29.10.2019,9,5,6,2,7
235,30.10.2019,18,30,24,32,21
236,31.10.2019,12,36,21,17,15
237,01.11.2019,9,30,6,22,15
238,02.11.2019,12,2,20,24,31
239,03.11.2019,6,21,28,24,36
240,04.11.2019,34,8,6,21,33
241,05.11.2019,13,25,35,5,9
242,06.11.2019,2,28,20,16,22
243,07.11.2019,3,5,30,32,19
244,08.11.2019,13,23,32,33,30
245,09.11.2019,2,36,7,1,32
246,10.11.2019,20,32,23,34,10
247,11.11.2019,13,31,34,9,26
248,12.11.2019,30,14,2,9,7
249,13.11.2019,13,23,17,7,25
250,14.11.2019,21,26,15,8,12
251,15.11.2019,31,5,7,26,16
252,16.11.2019,2,9,1,31,19
253,17.11.2019,16,18,23,33,6
254,18.11.2019,14,20,24,36,7
255,19.11.2019,21,23,27,34,25
256,20.11.2019,4,30,19,24,8
257,21.11.2019,4,23,11,12,21
258,22.11.2019,22,19,32,15,6
259,23.11.2019,22,11,27,29,31
260,24.11.2019,6,19,34,12,27
261,25.11.2019,19,8,4,34,18
262,26.11.2019,7,26,2,35,15
263,27.11.2019,34,35,25,36,9
264,28.11.2019,17,12,28,34,4
265,29.11.2019,28,22,33,23,36
266,30.11.2019,34,22,16,29,26
267,01.12.2019,14,26,4,30,3
268,02.12.2019,30,1,31,21,36
269,03.12.2019,4,33,25,22,8
270,04.12.2019,9,6,3,10,11
271,05.12.2019,33,1,36,21,16
272,06.12.2019,21,29,30,2,36
273,07.12.2019,22,28,35,9,8
274,08.12.2019,8,6,22,9,36
275,09.12.2019,14,22,25,27,4
276,10.12.2019,19,33,5,7,31
277,11.12.2019,11,9,15,23,5
278,12.12.2019,20,27,31,11,36
279,13.12.2019,36,6,24,21,9
280,14.12.2019,5,6,7,34,22
281,15.12.2019,19,30,20,35,4
282,16.12.2019,22,10,20,27,8
283,17.12.2019,16,5,25,20,12
284,18.12.2019,5,11,32,35,21
285,19.12.2019,1,9,5,23,15
286,20.12.2019,21,7,3,20,35
287,21.12.2019,31,34,17,3,24
288,22.12.2019,2,13,22,35,12
289,23.12.2019,21,36,11,5,19
290,24.12.2019,22,11,25,16,8
291,26.12.2019,23,36,6,25,12
292,27.12.2019,16,35,4,27,13
293,28.12.2019,30,31,29,23,32
294,29.12.2019,16,4,34,12,36
295,30.12.2019,7,13,17,30,14
296,31.12.2019,29,2,26,4,5
297,01.01.2020,17,22,29,21,14
298,02.01.2020,16,24,6,1,34
299,03.01.2020,9,26,18,30,14
300,04.01.2020,14,24,28,4,30
301,05.01.2020,23,21,34,18,5
302,06.01.2020,14,28,26,25,8
303,07.01.2020,3,35,2,24,26
304,08.01.2020,20,6,9,8,11
305,09.01.2020,11,27,8,16,24
306,10.01.2020,35,12,27,11,1
307,11.01.2020,21,36,6,7,25
308,12.01.2020,35,22,33,29,26
309,13.01.2020,17,10,3,1,21
310,14.01.2020,7,19,11,28,32
311,15.01.2020,8,22,11,6,12
312,16.01.2020,12,31,36,35,17
313,17.01.2020,24,9,34,31,10
314,18.01.2020,17,10,1,16,9
315,19.01.2020,10,13,2,9,25
316,20.01.2020,33,5,34,8,16
317,21.01.2020,30,5,25,21,32
318,22.01.2020,14,25,6,4,7
319,23.01.2020,30,6,24,18,28
320,24.01.2020,31,1,11,24,16
321,25.01.2020,15,7,5,3,10
322,26.01.2020,17,6,29,12,3
323,27.01.2020,36,32,19,7,12
324,28.01.2020,30,12,6,22,34
325,29.01.2020,35,32,5,3,21
326,30.01.2020,6,35,2,32,29
327,31.01.2020,7,36,14,9,15
328,01.02.2020,23,5,12,4,7
329,02.02.2020,8,35,29,14,4
330,03.02.2020,6,5,12,36,28
331,04.02.2020,25,1,4,20,14
332,05.02.2020,25,24,27,34,7
333,06.02.2020,4,9,2,6,12
334,07.02.2020,13,34,6,27,36
335,08.02.2020,35,5,15,36,1
336,09.02.2020,29,24,18,11,9
337,10.02.2020,4,22,25,14,27
338,11.02.2020,26,28,13,12,15
339,12.02.2020,3,8,30,12,23
340,13.02.2020,6,10,16,5,22
341,14.02.2020,13,4,14,6,29
342,15.02.2020,20,30,1,24,22
343,16.02.2020,25,33,29,2,32
344,17.02.2020,5,32,22,21,19
345,18.02.2020,7,8,23,32,30
346,19.02.2020,6,14,26,4,29
347,20.02.2020,33,3,12,27,5
348,21.02.2020,29,10,15,25,12
349,22.02.2020,18,5,27,34,20
350,23.02.2020,4,27,5,11,12
351,24.02.2020,14,29,33,31,9
352,25.02.2020,10,19,13,5,8
353,26.02.2020,33,21,29,11,32
354,27.02.2020,25,26,5,3,19
355,28.02.2020,31,35,10,30,29
356,29.02.2020,16,28,20,7,35
357,01.03.2020,10,8,15,2,23
358,02.03.2020,14,13,34,4,20
359,03.03.2020,33,16,18,10,4
360,04.03.2020,28,12,36,34,9
361,05.03.2020,21,20,19,34,33
362,06.03.2020,10,4,29,5,22
363,07.03.2020,30,16,3,15,21
364,08.03.2020,9,15,28,32,34
365,09.03.2020,16,36,10,14,31
366,10.03.2020,17,11,13,20,2
367,11.03.2020,2,24,8,10,34
368,12.03.2020,12,2,32,18,36
369,13.03.2020,3,35,12,20,13
370,14.03.2020,33,29,20,16,32
371,15.03.2020,1,34,13,12,36
372,16.03.2020,14,22,1,5,3
373,17.03.2020,15,2,10,20,16
374,18.03.2020,3,6,5,11,36
375,19.03.2020,14,33,2,32,16
376,20.03.2020,3,18,22,9,19
377,21.03.2020,11,31,5,36,15
378,22.03.2020,20,30,2,5,23
379,23.03.2020,11,24,19,35,7
380,24.03.2020,9,34,13,31,22
381,25.03.2020,7,15,2,22,10
382,26.03.2020,22,36,31,32,24
383,27.03.2020,7,27,15,33,21
384,28.03.2020,32,4,25,10,14
385,29.03.2020,13,4,25,6,26
386,30.03.2020,27,16,14,30,6
387,31.03.2020,35,21,7,20,2
388,01.04.2020,20,5,32,8,11
389,02.04.2020,14,10,15,11,29
390,03.04.2020,25,31,12,2,24
391,04.04.2020,1,2,26,33,19
392,05.04.2020,11,36,20,29,6
393,06.04.2020,22,33,35,8,26
394,07.04.2020,11,24,12,23,7
395,08.04.2020,17,2,9,20,32
396,09.04.2020,32,10,36,21,34
397,10.04.2020,29,14,27,16,5
398,11.04.2020,5,11,14,21,29
399,12.04.2020,25,29,10,5,1
400,13.04.2020,33,27,31,24,23
401,14.04.2020,25,19,36,1,14
402,15.04.2020,15,3,26,23,36
403,16.04.2020,19,15,31,18,21
404,17.04.2020,6,29,30,31,1
405,18.04.2020,4,2,15,8,22
406,19.04.2020,17,10,30,7,14
407,20.04.2020,23,27,36,10,4
408,21.04.2020,19,22,25,7,5
409,22.04.2020,22,23,28,8,3
410,23.04.2020,1,22,14,17,7
411,24.04.2020,28,26,20,13,1
412,25.04.2020,29,31,12,9,34
413,26.04.2020,36,30,9,5,29
414,27.04.2020,9,13,14,11,19
415,28.04.2020,1,22,17,3,21
416,29.04.2020,1,16,29,19,20
417,30.04.2020,4,6,33,35,15
418,01.05.2020,19,12,1,18,24
419,02.05.2020,21,31,17,26,4
420,03.05.2020,18,24,26,12,22
421,04.05.2020,25,33,26,10,7
422,05.05.2020,3,26,6,21,29
423,06.05.2020,12,28,36,34,35
424,07.05.2020,12,34,24,9,25
425,08.05.2020,35,34,20,28,25
426,09.05.2020,19,14,21,15,32
427,10.05.2020,7,3,22,35,10
428,11.05.2020,31,28,30,12,13
429,12.05.2020,5,18,20,15,31
430,13.05.2020,6,31,27,15,18
431,14.05.2020,12,22,2,28,11
432,15.05.2020,14,29,12,3,16
433,16.05.2020,7,14,22,32,16
434,17.05.2020,14,3,17,24,13
435,18.05.2020,30,19,18,7,16
436,19.05.2020,25,19,31,24,27
437,20.05.2020,24,28,26,16,33
438,21.05.2020,25,15,8,13,21
439,22.05.2020,15,27,33,31,2
440,23.05.2020,9,12,3,13,31
441,24.05.2020,23,19,20,21,11
442,25.05.2020,36,27,25,15,34
443,26.05.2020,17,5,25,14,12
444,27.05.2020,36,22,19,1,34
445,28.05.2020,9,20,26,25,12
446,29.05.2020,9,34,20,15,13
447,30.05.2020,12,23,20,5,14
448,31.05.2020,34,27,23,12,25
449,01.06.2020,14,15,22,8,36
450,02.06.2020,7,34,23,8,36
451,03.06.2020,21,26,24,25,13
452,04.06.2020,13,4,33,22,25
453,05.06.2020,5,9,1,34,27
454,06.06.2020,8,6,3,5,23
455,07.06.2020,23,22,17,28,33
456,08.06.2020,2,31,32,28,15
457,09.06.2020,1,31,23,36,35
458,10.06.2020,22,12,2,9,5
459,11.06.2020,1,36,29,30,18
460,12.06.2020,3,26,5,35,25
461,13.06.2020,8,26,3,19,22
462,14.06.2020,2,33,30,7,12
463,15.06.2020,18,30,21,29,28
464,16.06.2020,18,4,9,22,32
465,17.06.2020,18,15,25,14,30
466,18.06.2020,19,22,12,14,30
467,19.06.2020,28,24,14,9,36
468,20.06.2020,7,25,5,2,8
469,21.06.2020,35,12,36,28,33
470,22.06.2020,20,33,34,6,12
471,23.06.2020,31,14,4,27,15
472,24.06.2020,26,25,27,31,18
473,25.06.2020,29,5,25,9,33
474,26.06.2020,15,1,13,9,23
475,27.06.2020,34,29,13,24,35
476,28.06.2020,13,22,27,23,1
477,29.06.2020,29,4,8,31,35
478,30.06.2020,22,10,30,21,28
479,01.07.2020,5,35,33,24,36
480,02.07.2020,25,10,27,29,17
481,03.07.2020,34,7,17,11,33
482,04.07.2020,34,4,30,25,35
483,05.07.2020,23,16,2,28,21
484,06.07.2020,26,12,1,8,9
485,07.07.2020,25,31,1,30,35
486,08.07.2020,17,2,10,35,33
487,09.07.2020,1,33,25,5,10
488,10.07.2020,13,33,29,22,36
489,11.07.2020,20,15,32,14,24
490,12.07.2020,29,18,12,14,4
491,13.07.2020,27,23,1,32,21
492,14.07.2020,10,32,28,7,9
493,15.07.2020,28,10,3,18,20
494,16.07.2020,1,14,13,36,35
495,17.07.2020,25,31,12,10,32
496,18.07.2020,2,35,26,9,1
497,19.07.2020,11,12,27,18,29
498,20.07.2020,20,1,23,11,14
499,21.07.2020,1,34,7,29,24
500,22.07.2020,5,26,22,1,16
501,23.07.2020,29,16,30,25,27
502,24.07.2020,3,11,34,20,22
503,25.07.2020,7,31,6,1,15
504,26.07.2020,36,9,25,35,32
505,27.07.2020,35,23,26,14,19
506,28.07.2020,31,29,36,10,24
507,29.07.2020,33,8,6,10,30
508,30.07.2020,5,12,1,14,34
509,31.07.2020,8,11,18,2,17
510,01.08.2020,21,18,6,33,4
511,02.08.2020,13,4,11,27,5
512,03.08.2020,33,14,15,16,8
513,04.08.2020,11,26,6,9,35
514,05.08.2020,11,8,3,12,26
515,06.08.2020,6,30,25,17,31
516,07.08.2020,34,13,22,31,12
517,08.08.2020,31,34,30,36,32
518,09.08.2020,6,10,1,5,21
519,10.08.2020,4,29,32,33,20
520,11.08.2020,4,22,13,20,30
521,12.08.2020,2,4,18,1,30
522,13.08.2020,29,6,13,31,1
523,14.08.2020,12,19,1,29,10
524,15.08.2020,10,34,21,24,16
525,16.08.2020,27,9,34,28,25
526,17.08.2020,13,15,14,24,31
527,18.08.2020,19,17,30,11,20
528,19.08.2020,1,36,9,19,8
529,20.08.2020,24,32,26,31,30
530,21.08.2020,36,12,3,32,6
531,22.08.2020,16,13,27,3,22
532,23.08.2020,26,16,21,36,7
533,24.08.2020,28,13,3,19,18
534,25.08.2020,16,35,29,33,20
535,26.08.2020,17,30,9,35,24
536,27.08.2020,30,1,34,33,15
537,28.08.2020,8,17,12,5,30
538,29.08.2020,15,18,24,23,36
539,30.08.2020,15,5,13,25,3
540,31.08.2020,22,18,36,26,1
541,01.09.2020,17,32,31,14,23
542,02.09.2020,25,22,14,20,5
543,03.09.2020,14,16,8,22,27
544,04.09.2020,9,5,14,17,16
545,05.09.2020,23,25,22,14,12
546,06.09.2020,20,30,32,34,18
547,07.09.2020,16,30,1,3,34
548,08.09.2020,9,8,4,18,30
549,09.09.2020,35,28,21,12,29
550,10.09.2020,29,17,21,3,10
551,11.09.2020,16,25,26,2,32
552,12.09.2020,35,11,1,16,18
553,13.09.2020,18,16,23,14,29
554,14.09.2020,7,31,16,35,32
555,15.09.2020,18,32,28,29,34
556,16.09.2020,3,8,34,23,4
557,17.09.2020,19,25,18,30,15
558,18.09.2020,25,12,30,3,6
559,19.09.2020,9,16,22,28,25
560,20.09.2020,15,24,36,18,4
561,21.09.2020,35,28,3,9,2
562,22.09.2020,3,12,28,20,5
563,23.09.2020,13,30,35,9,27
564,24.09.2020,29,24,17,12,28
565,25.09.2020,2,25,24,7,20
566,26.09.2020,10,34,8,16,30
567,27.09.2020,19,12,4,29,21
568,28.09.2020,9,6,33,31,36
569,29.09.2020,32,20,8,9,2
570,30.09.2020,25,4,32,8,13
571,01.10.2020,6,20,13,1,21
572,02.10.2020,16,27,2,17,15
573,03.10.2020,25,24,6,12,27
574,04.10.2020,20,13,18,6,10
575,05.10.2020,9,18,24,8,26
576,06.10.2020,17,22,26,27,33
577,07.10.2020,7,30,4,19,14
578,08.10.2020,33,20,27,14,19
579,09.10.2020,26,7,25,32,31
580,10.10.2020,33,13,35,16,10
581,11.10.2020,28,10,15,30,8
582,12.10.2020,3,6,12,29,16
583,13.10.2020,23,7,5,34,29
584,14.10.2020,22,30,29,32,17
585,15.10.2020,2,13,10,21,29
586,16.10.2020,7,13,23,14,1
587,17.10.2020,18,24,35,22,32
588,18.10.2020,34,25,35,10,9
589,19.10.2020,19,36,4,20,12
590,20.10.2020,23,6,27,24,33
591,21.10.2020,10,1,5,14,23
592,22.10.2020,36,16,8,26,7
593,23.10.2020,21,10,8,22,28
594,24.10.2020,11,28,30,15,24
595,25.10.2020,31,33,14,1,8
596,26.10.2020,6,21,18,32,27
597,27.10.2020,27,23,18,25,8
598,28.10.2020,11,34,22,5,10
599,29.10.2020,4,27,17,26,13
600,30.10.2020,18,21,20,19,36
601,31.10.2020,25,30,35,1,20
602,01.11.2020,13,32,6,8,29
603,02.11.2020,1,14,7,9,22
604,03.11.2020,2,22,17,36,15
605,04.11.2020,30,31,18,21,24
606,05.11.2020,8,22,27,29,24
607,06.11.2020,1,28,31,32,10
608,07.11.2020,23,32,34,24,7
609,08.11.2020,18,25,29,19,10
610,09.11.2020,13,1,14,30,24
611,10.11.2020,32,26,27,33,35
612,11.11.2020,28,21,19,10,2
613,12.11.2020,18,32,3,12,33
614,13.11.2020,14,32,23,8,31
615,14.11.2020,25,35,20,1,29
616,15.11.2020,11,36,12,9,19
617,16.11.2020,25,27,3,6,33
618,17.11.2020,26,18,21,34,29
619,18.11.2020,13,35,12,36,31
620,19.11.2020,35,12,16,33,25
621,20.11.2020,34,16,4,5,32
622,21.11.2020,19,11,15,30,35
623,22.11.2020,25,11,26,36,20
624,23.11.2020,11,13,22,30,2
625,24.11.2020,12,4,13,35,5
626,25.11.2020,15,4,32,22,1
627,26.11.2020,29,5,17,16,12
628,27.11.2020,12,26,28,1,32
629,28.11.2020,25,14,5,9,28
630,29.11.2020,27,10,35,25,14
631,30.11.2020,35,1,6,31,3
632,01.12.2020,33,14,1,15,9
633,02.12.2020,15,14,20,8,9
634,03.12.2020,10,5,17,13,21
635,04.12.2020,12,20,24,27,5
636,05.12.2020,17,26,32,18,4
637,06.12.2020,8,16,20,22,17
638,07.12.2020,3,18,26,27,23
639,08.12.2020,6,25,17,30,2
640,09.12.2020,23,24,11,19,35
641,10.12.2020,1,14,2,3,11
642,11.12.2020,8,12,35,28,26
643,12.12.2020,23,30,36,6,3
644,13.12.2020,36,3,23,15,1
645,14.12.2020,33,27,19,14,25
646,15.12.2020,12,19,5,36,6
647,16.12.2020,14,12,28,16,32
648,17.12.2020,28,5,2,1,24
649,18.12.2020,21,6,26,17,27
650,19.12.2020,24,19,28,27,29
651,20.12.2020,8,3,18,1,36
652,21.12.2020,16,27,15,19,10
653,22.12.2020,4,6,12,26,11
654,23.12.2020,23,15,25,34,10
655,24.12.2020,33,15,28,26,10
656,26.12.2020,5,17,24,32,25
657,27.12.2020,13,28,27,25,32
658,28.12.2020,5,20,6,14,35
659,29.12.2020,6,34,29,32,10
660,30.12.2020,29,31,6,23,3
661,31.12.2020,12,28,20,24,34
662,01.01.2021,21,19,13,17,25
663,02.01.2021,24,14,26,29,23
664,03.01.2021,27,20,12,23,31
665,04.01.2021,23,19,13,21,12
666,05.01.2021,35,25,6,8,10
667,06.01.2021,16,2,15,34,10
668,07.01.2021,22,1,30,21,7
669,08.01.2021,25,10,17,14,13
670,09.01.2021,34,30,25,6,27
671,10.01.2021,6,22,4,36,2
672,11.01.2021,28,18,36,2,19
673,12.01.2021,25,33,35,15,22
674,13.01.2021,15,33,30,25,28
675,14.01.2021,33,35,29,17,16
676,15.01.2021,6,14,29,27,15
677,16.01.2021,24,23,10,12,2
678,17.01.2021,26,34,12,22,28
679,18.01.2021,6,24,21,30,12
680,19.01.2021,29,9,20,18,21
681,20.01.2021,30,32,22,35,4
682,21.01.2021,12,21,24,1,18
683,22.01.2021,4,25,9,23,19
684,23.01.2021,1,34,24,23,26
685,24.01.2021,20,25,19,3,16
686,25.01.2021,4,26,10,14,31
687,26.01.2021,14,8,22,13,21
688,27.01.2021,1,21,5,9,2
689,28.01.2021,12,14,13,1,36
690,29.01.2021,9,2,16,33,12
691,30.01.2021,1,4,20,21,34
692,31.01.2021,2,18,31,30,26
693,01.02.2021,11,3,4,19,17
694,02.02.2021,32,1,22,34,9
695,03.02.2021,10,33,31,34,5
696,04.02.2021,8,27,34,23,7
697,05.02.2021,34,31,29,35,23
698,06.02.2021,23,31,9,15,21
699,07.02.2021,20,29,7,1,9
700,08.02.2021,9,11,30,1,2
701,09.02.2021,23,5,7,27,19
702,10.02.2021,2,17,11,34,21
703,11.02.2021,12,27,32,36,6
704,12.02.2021,24,7,27,16,9
705,13.02.2021,35,20,25,1,12
706,14.02.2021,14,18,27,25,12
707,15.02.2021,14,12,3,32,27
708,16.02.2021,23,2,15,20,24
709,17.02.2021,2,15,20,12,18
710,18.02.2021,29,22,33,14,19
711,19.02.2021,14,13,21,12,23
712,20.02.2021,8,6,13,28,34
713,21.02.2021,28,1,22,9,3
714,22.02.2021,22,11,2,21,34
715,23.02.2021,29,21,3,27,15
716,24.02.2021,34,22,7,26,29
717,25.02.2021,15,10,30,19,8
718,26.02.2021,25,3,12,16,35
719,27.02.2021,12,11,28,27,17
720,28.02.2021,2,22,18,24,7
721,01.03.2021,6,24,28,13,33
722,02.03.2021,36,21,22,34,30
723,03.03.2021,34,8,5,22,27
724,04.03.2021,11,19,9,13,1
725,05.03.2021,14,4,26,34,8
726,06.03.2021,8,10,24,2,34
727,07.03.2021,22,19,28,27,33
728,08.03.2021,15,35,30,18,1
729,09.03.2021,33,9,5,27,22
730,10.03.2021,10,11,25,32,4
731,11.03.2021,6,9,29,31,12
732,12.03.2021,23,28,30,1,19
733,13.03.2021,36,18,33,5,26
734,14.03.2021,35,25,31,6,13
735,15.03.2021,29,21,4,20,17
736,16.03.2021,23,1,17,3,8
737,17.03.2021,5,17,9,36,32
738,18.03.2021,29,24,23,27,11
739,19.03.2021,20,4,27,5,36
740,20.03.2021,12,34,15,4,26
741,21.03.2021,24,21,7,3,2
742,22.03.2021,6,11,8,32,33
743,23.03.2021,30,28,32,6,11
744,24.03.2021,25,33,30,32,27
745,25.03.2021,15,24,2,17,18
746,26.03.2021,35,13,15,7,33
747,27.03.2021,14,22,10,11,27
748,28.03.2021,24,31,21,16,12
749,29.03.2021,30,32,9,3,10
750,30.03.2021,24,16,33,25,27
751,31.03.2021,26,25,17,14,31
752,01.04.2021,12,10,30,7,36
753,02.04.2021,22,29,12,20,14
754,03.04.2021,24,25,12,6,10
755,04.04.2021,10,14,30,4,35
756,05.04.2021,1,15,19,12,9
757,06.04.2021,18,12,13,31,35
758,07.04.2021,9,24,29,8,22
759,08.04.2021,16,12,15,21,6
760,09.04.2021,34,35,13,9,2
761,10.04.2021,30,34,29,5,20
762,11.04.2021,6,33,5,27,7
763,12.04.2021,10,21,3,7,8
764,13.04.2021,11,2,1,31,19
765,14.04.2021,35,9,2,23,10
766,15.04.2021,17,26,6,23,3
767,16.04.2021,25,30,7,29,4
768,17.04.2021,24,13,3,20,29
769,18.04.2021,15,21,24,20,1
770,19.04.2021,21,13,36,28,31
771,20.04.2021,10,1,13,36,4
772,21.04.2021,23,3,26,4,8
773,22.04.2021,18,4,12,29,21
774,23.04.2021,13,27,24,8,23
775,24.04.2021,36,6,24,13,32
776,25.04.2021,25,6,11,17,26
777,26.04.2021,31,19,2,5,13
778,27.04.2021,14,18,23,5,16
779,28.04.2021,2,29,23,35,14
780,29.04.2021,26,4,16,36,9
781,30.04.2021,20,28,1,29,8
782,01.05.2021,13,22,30,31,5
783,02.05.2021,21,14,24,31,27
784,03.05.2021,18,11,23,28,34
785,04.05.2021,8,30,24,21,20
786,05.05.2021,8,24,4,25,14
787,06.05.2021,31,29,23,33,17
788,07.05.2021,3,14,15,19,10
789,08.05.2021,2,34,31,5,13
790,09.05.2021,6,18,14,20,3
791,10.05.2021,2,7,28,29,21
792,11.05.2021,22,36,18,28,32
793,12.05.2021,35,2,30,11,1
794,13.05.2021,24,10,12,27,7
795,14.05.2021,36,10,12,31,35
796,15.05.2021,12,10,6,26,16
797,16.05.2021,24,33,30,1,16
798,17.05.2021,23,35,6,4,9
799,18.05.2021,12,16,33,17,15
800,19.05.2021,7,12,10,2,26
801,20.05.2021,36,2,8,33,32
802,21.05.2021,14,26,27,25,32
803,22.05.2021,5,2,10,26,30
804,23.05.2021,10,16,21,31,23
805,24.05.2021,27,22,1,4,3
806,25.05.2021,19,20,22,24,14
807,26.05.2021,10,21,22,2,35
808,27.05.2021,4,10,18,35,8
809,28.05.2021,18,15,29,23,27
810,29.05.2021,25,18,16,32,27
811,30.05.2021,29,9,12,32,18
812,31.05.2021,21,2,31,1,30
813,01.06.2021,31,34,8,5,15
814,02.06.2021,23,26,15,11,36
815,03.06.2021,4,16,26,31,6
816,04.06.2021,27,9,29,25,22
817,05.06.2021,19,10,22,5,9
818,06.06.2021,31,19,22,11,20
819,07.06.2021,19,25,29,31,18
820,08.06.2021,30,24,11,7,34
821,09.06.2021,15,36,16,4,35
822,10.06.2021,9,13,15,21,24
823,11.06.2021,6,4,32,12,28
824,12.06.2021,17,1,9,35,6
825,13.06.2021,33,19,20,8,7
826,14.06.2021,7,18,14,30,24
827,15.06.2021,4,7,20,17,19
828,16.06.2021,18,21,31,34,13
829,17.06.2021,30,22,5,2,4
830,18.06.2021,33,1,5,28,13
831,19.06.2021,4,17,27,30,32
832,20.06.2021,10,3,7,24,31
833,21.06.2021,36,30,21,12,27
834,22.06.2021,8,28,27,7,25
835,23.06.2021,32,12,2,27,21
836,24.06.2021,24,11,28,22,19
837,25.06.2021,28,27,22,6,11
838,26.06.2021,32,36,18,5,8
839,27.06.2021,24,8,17,16,36
840,28.06.2021,7,31,17,22,30
841,29.06.2021,27,24,19,26,21
842,30.06.2021,6,13,14,18,9
843,01.07.2021,36,3,30,27,5
844,02.07.2021,10,29,24,19,8
845,03.07.2021,22,33,35,27,3
846,04.07.2021,26,9,16,25,30
847,05.07.2021,26,5,33,32,36
848,06.07.2021,22,36,13,1,16
849,07.07.2021,7,9,10,20,11
850,08.07.2021,9,19,7,21,32
851,09.07.2021,16,4,17,12,2
852,10.07.2021,15,17,23,18,6
853,11.07.2021,9,5,24,13,22
854,12.07.2021,20,18,4,31,10
855,13.07.2021,8,26,6,20,22
856,14.07.2021,36,2,34,24,11
857,15.07.2021,24,22,9,17,7
858,16.07.2021,6,23,29,3,22
859,17.07.2021,35,15,4,24,31
860,18.07.2021,18,7,29,33,6
861,19.07.2021,22,7,13,11,6
862,20.07.2021,23,13,7,35,34
863,21.07.2021,21,3,27,16,35
864,22.07.2021,25,17,33,10,6
865,23.07.2021,4,7,34,18,9
866,24.07.2021,24,16,34,35,17
867,25.07.2021,17,23,11,31,34
868,26.07.2021,30,8,31,24,34
869,27.07.2021,22,35,13,31,11
870,28.07.2021,23,29,26,8,22
871,29.07.2021,29,18,24,20,33
872,30.07.2021,26,34,2,29,35
873,31.07.2021,10,13,26,30,34
874,01.08.2021,17,26,2,36,5
875,02.08.2021,20,29,32,18,28
876,03.08.2021,2,32,18,11,31
877,04.08.2021,30,5,6,7,27
878,05.08.2021,36,5,4,10,21
879,06.08.2021,34,30,7,16,12
880,07.08.2021,33,12,7,5,31
881,08.08.2021,24,19,22,18,13
882,09.08.2021,13,30,36,20,32
883,10.08.2021,29,18,8,20,10
884,11.08.2021,5,31,1,28,15
885,12.08.2021,15,22,4,13,7
886,13.08.2021,15,18,33,36,22
887,14.08.2021,35,36,33,29,15
888,15.08.2021,31,6,23,14,34
889,16.08.2021,29,3,22,31,28
890,17.08.2021,24,23,7,25,29
891,18.08.2021,14,10,17,11,8
892,19.08.2021,1,12,25,20,17
893,20.08.2021,7,27,16,20,32
894,21.08.2021,36,6,8,13,3
895,22.08.2021,16,5,20,27,22
896,23.08.2021,33,9,25,7,31
897,24.08.2021,33,32,13,25,10
898,25.08.2021,9,5,27,19,18
899,26.08.2021,5,19,29,28,21
900,27.08.2021,11,10,20,35,16
901,28.08.2021,16,6,22,30,8
902,29.08.2021,35,24,28,6,29
903,30.08.2021,5,15,23,31,29
904,31.08.2021,15,18,16,7,20
905,01.09.2021,30,13,22,36,6
906,02.09.2021,6,14,2,12,1
907,03.09.2021,36,4,14,2,15
908,04.09.2021,22,8,12,27,33
909,05.09.2021,29,6,4,28,26
910,06.09.2021,1,20,10,4,11
911,07.09.2021,8,4,36,35,11
912,08.09.2021,28,6,2,36,15
913,09.09.2021,25,10,12,32,18
914,10.09.2021,29,5,31,18,34
915,11.09.2021,20,34,2,22,18
916,12.09.2021,35,10,32,25,18
917,13.09.2021,12,35,33,20,31
918,14.09.2021,31,12,20,13,21
919,15.09.2021,24,32,1,33,23
920,16.09.2021,35,5,23,21,2
921,17.09.2021,10,34,19,26,9
922,18.09.2021,6,3,12,4,2
923,19.09.2021,21,16,30,33,28
924,20.09.2021,11,4,16,33,12
925,21.09.2021,17,12,36,24,15
926,22.09.2021,30,22,10,19,24
927,23.09.2021,16,22,3,5,4
928,24.09.2021,13,1,26,18,27
929,25.09.2021,29,28,8,6,14
930,26.09.2021,31,11,32,9,22
931,27.09.2021,5,25,18,8,36
932,28.09.2021,23,31,21,6,22
933,29.09.2021,15,32,33,20,23
934,30.09.2021,19,21,33,35,18
935,01.10.2021,16,2,18,20,29
936,02.10.2021,12,9,21,7,5
937,03.10.2021,32,21,4,27,6
938,04.10.2021,30,14,18,6,27
939,05.10.2021,3,25,21,14,16
940,06.10.2021,2,1,8,14,24
941,07.10.2021,34,10,7,15,1
942,08.10.2021,16,25,12,36,3
943,09.10.2021,26,32,25,20,18
944,10.10.2021,13,23,12,7,15
945,11.10.2021,32,17,20,34,15
946,12.10.2021,22,34,24,30,21
947,13.10.2021,11,27,25,14,17
948,14.10.2021,8,16,35,23,19
949,15.10.2021,2,9,4,7,19
950,16.10.2021,7,19,35,17,3
951,17.10.2021,17,13,22,24,29
952,18.10.2021,19,14,35,34,32
953,19.10.2021,36,17,5,24,10
954,20.10.2021,28,10,16,9,3
955,21.10.2021,1,23,15,4,27
956,22.10.2021,25,4,16,9,15
957,23.10.2021,26,10,30,32,25
958,24.10.2021,27,4,2,17,30
959,25.10.2021,33,23,36,19,10
960,26.10.2021,8,23,32,21,9
961,27.10.2021,9,1,29,8,33
962,28.10.2021,32,36,27,5,23
963,29.10.2021,36,33,35,24,16
964,30.10.2021,20,8,21,19,11
965,31.10.2021,19,20,35,4,14
966,01.11.2021,33,9,5,25,11
967,02.11.2021,29,8,34,22,21
968,03.11.2021,22,6,16,15,20
969,04.11.2021,3,10,20,27,35
970,05.11.2021,10,1,29,26,21
971,06.11.2021,30,15,23,3,6
972,07.11.2021,26,28,4,27,33
973,08.11.2021,31,17,32,22,30
974,09.11.2021,19,7,20,1,9
975,10.11.2021,6,1,34,22,27
976,11.11.2021,19,1,10,12,21
977,12.11.2021,20,14,26,36,19
978,13.11.2021,12,33,15,11,24
979,14.11.2021,11,8,10,6,16
980,15.11.2021,15,24,27,20,13
981,16.11.2021,29,31,28,5,17
982,17.11.2021,6,32,21,36,4
983,18.11.2021,30,11,15,10,19
984,19.11.2021,22,6,17,26,32
985,20.11.2021,35,4,11,32,6
986,21.11.2021,15,33,7,3,6
987,22.11.2021,25,16,18,30,31
988,23.11.2021,10,5,6,32,7
989,24.11.2021,1,26,18,34,8
990,25.11.2021,3,21,20,7,25
991,26.11.2021,28,30,29,9,3
992,27.11.2021,34,10,20,22,13
993,28.11.2021,5,20,1,9,10
994,29.11.2021,28,5,33,3,13
995,30.11.2021,3,1,9,34,11
996,01.12.2021,17,11,28,15,4
997,02.12.2021,8,20,11,32,3
998,03.12.2021,14,25,35,13,6
999,04.12.2021,29,24,1,36,12
1000,05.12.2021,19,6,36,33,4
1001,06.12.2021,23,36,6,13,10
1002,07.12.2021,20,27,12,8,2
1003,08.12.2021,25,5,20,9,11
1004,09.12.2021,2,3,5,19,14
1005,10.12.2021,34,35,24,31,7
1006,11.12.2021,7,18,20,16,9
1007,12.12.2021,36,20,29,27,35
1008,13.12.2021,23,30,22,6,25
1009,14.12.2021,3,20,28,15,12
1010,15.12.2021,19,24,26,15,32
1011,16.12.2021,10,28,3,25,16
1012,17.12.2021,8,17,28,24,1
1013,18.12.2021,13,20,6,17,30
1014,19.12.2021,1,18,31,20,2
1015,20.12.2021,1,20,2,35,8
1016,21.12.2021,8,17,20,30,36
1017,22.12.2021,5,30,6,8,32
1018,23.12.2021,14,9,36,6,17
1019,24.12.2021,8,24,22,29,23
1020,26.12.2021,11,3,26,25,17
1021,27.12.2021,19,31,17,21,29
1022,28.12.2021,25,11,31,35,3
1023,29.12.2021,16,19,10,14,17
1024,30.12.2021,21,2,28,23,6
1025,31.12.2021,4,19,3,18,24
1026,01.01.2022,32,36,23,17,31
1027,02.01.2022,25,21,12,23,31
1028,03.01.2022,16,6,25,14,22
1029,04.01.2022,32,16,29,4,22
1030,05.01.2022,27,21,14,35,11
1031,06.01.2022,9,5,36,20,26
1032,07.01.2022,4,10,6,30,15
1033,08.01.2022,36,30,13,14,33
1034,09.01.2022,30,23,5,33,32
1035,10.01.2022,23,1,34,3,11
1036,11.01.2022,9,20,8,1,18
1037,12.01.2022,36,22,3,27,33
1038,13.01.2022,7,23,28,6,30
1039,14.01.2022,34,33,25,30,8
1040,15.01.2022,12,3,11,35,7
1041,16.01.2022,1,23,19,33,28
1042,17.01.2022,24,29,21,8,34
1043,18.01.2022,33,11,21,16,15
1044,19.01.2022,6,27,9,34,22
1045,20.01.2022,29,32,8,15,20
1046,21.01.2022,35,16,20,2,8
1047,22.01.2022,31,16,10,33,3
1048,23.01.2022,34,2,29,30,7
1049,24.01.2022,28,30,25,16,15
1050,25.01.2022,5,22,32,19,31
1051,26.01.2022,8,33,15,14,18
1052,27.01.2022,22,11,5,32,18
1053,28.01.2022,18,22,23,25,8
1054,29.01.2022,16,27,12,1,2
1055,30.01.2022,7,29,5,36,25
1056,31.01.2022,14,2,8,35,16
1057,01.02.2022,1,2,15,32,25
1058,02.02.2022,12,35,1,30,26
1059,03.02.2022,24,30,6,9,35
1060,04.02.2022,34,30,18,13,10
1061,05.02.2022,25,13,7,27,20
1062,06.02.2022,10,27,14,28,24
1063,07.02.2022,35,15,20,36,4
1064,08.02.2022,27,26,8,4,19
1065,09.02.2022,9,21,6,3,10
1066,10.02.2022,24,6,14,9,5
1067,11.02.2022,27,5,26,4,32
1068,12.02.2022,28,15,36,12,7
1069,13.02.2022,1,4,34,21,32
1070,14.02.2022,32,15,3,18,8
1071,15.02.2022,17,3,36,29,22
1072,16.02.2022,30,24,14,17,20
1073,17.02.2022,4,33,18,10,24
1074,18.02.2022,28,17,32,15,26
1075,19.02.2022,13,16,25,15,2
1076,20.02.2022,18,23,11,19,24
1077,21.02.2022,5,36,28,12,2
1078,22.02.2022,20,26,34,27,23
1079,23.02.2022,19,28,3,16,34
1080,24.02.2022,10,15,9,33,23
1081,25.02.2022,34,3,29,19,28
1082,26.02.2022,22,21,10,35,19
1083,27.02.2022,5,22,2,15,27
1084,28.02.2022,7,17,1,34,25
1085,01.03.2022,14,32,15,16,12
1086,02.03.2022,19,21,36,33,27
1087,03.03.2022,29,36,1,32,19
1088,04.03.2022,18,6,30,16,19
1089,05.03.2022,11,24,14,34,32
1090,06.03.2022,10,22,7,23,17
1091,07.03.2022,20,21,35,5,11
1092,08.03.2022,24,4,34,6,36
1093,09.03.2022,23,14,24,7,3
1094,10.03.2022,21,3,12,25,16
1095,11.03.2022,30,3,8,24,7
1096,12.03.2022,6,9,27,11,33
1097,13.03.2022,31,33,13,8,3
1098,14.03.2022,13,23,36,25,30
1099,15.03.2022,25,14,33,5,35
1100,16.03.2022,25,10,19,4,32
1101,17.03.2022,17,6,12,20,9
1102,18.03.2022,11,6,10,13,24
1103,19.03.2022,25,30,21,29,6
1104,20.03.2022,3,36,19,32,31
1105,21.03.2022,29,33,3,4,10
1106,22.03.2022,31,14,11,9,26
1107,23.03.2022,4,31,24,15,21
1108,24.03.2022,16,3,10,34,9
1109,25.03.2022,10,34,2,36,26
1110,26.03.2022,11,14,26,23,21
1111,27.03.2022,33,4,16,20,11
1112,28.03.2022,23,25,4,10,15
1113,29.03.2022,1,28,3,7,8
1114,30.03.2022,24,34,17,7,36
1115,31.03.2022,3,26,31,14,8
1116,01.04.2022,12,10,17,27,14
1117,02.04.2022,1,10,25,3,4
1118,03.04.2022,8,36,24,18,23
1119,04.04.2022,6,1,12,23,5
1120,05.04.2022,21,23,15,29,33
1121,06.04.2022,22,2,20,8,1
1122,07.04.2022,13,20,5,28,18
1123,08.04.2022,1,8,7,29,10
1124,09.04.2022,31,7,29,36,5
1125,10.04.2022,5,17,18,7,1
1126,11.04.2022,23,3,27,31,12
1127,12.04.2022,1,27,35,5,29
1128,13.04.2022,11,13,31,33,4
1129,14.04.2022,10,20,12,5,34
1130,15.04.2022,2,33,20,10,25
1131,16.04.2022,2,28,33,15,35
1132,17.04.2022,7,17,33,29,25
1133,18.04.2022,4,23,27,36,2
1134,19.04.2022,3,13,28,32,9
1135,20.04.2022,22,21,32,27,29
1136,21.04.2022,16,12,35,32,20
1137,22.04.2022,28,2,21,34,5
1138,23.04.2022,34,2,22,16,10
1139,24.04.2022,20,29,5,32,30
1140,25.04.2022,16,30,13,10,5
1141,26.04.2022,31,35,5,28,27
1142,27.04.2022,25,36,4,3,26
1143,28.04.2022,14,2,28,19,10
1144,29.04.2022,34,4,13,27,15
1145,30.04.2022,7,10,15,31,4
1146,01.05.2022,7,18,22,2,21
1147,02.05.2022,11,32,24,3,33
1148,03.05.2022,6,8,22,4,25
1149,04.05.2022,2,26,32,36,28
1150,05.05.2022,12,11,7,29,27
1151,06.05.2022,29,16,6,7,22
1152,07.05.2022,23,20,12,10,4
1153,08.05.2022,23,30,13,4,9
1154,09.05.2022,23,35,18,10,1
1155,10.05.2022,10,25,14,13,20
1156,11.05.2022,5,10,12,21,1
1157,12.05.2022,20,27,25,9,5
1158,13.05.2022,33,31,22,24,12
1159,14.05.2022,3,20,24,2,8
1160,15.05.2022,33,17,25,11,9
1161,16.05.2022,6,18,2,7,29
1162,17.05.2022,25,7,22,26,27
1163,18.05.2022,21,15,29,32,18
1164,19.05.2022,16,8,2,29,32
1165,20.05.2022,5,7,6,14,26
1166,21.05.2022,19,36,25,29,34
1167,22.05.2022,6,21,20,1,4
1168,23.05.2022,13,3,26,7,21
1169,24.05.2022,4,10,7,21,14
1170,25.05.2022,32,28,35,33,16
1171,26.05.2022,28,3,22,33,18
1172,27.05.2022,19,8,26,30,27
1173,28.05.2022,28,31,15,14,26
1174,29.05.2022,18,31,26,29,28
1175,30.05.2022,33,9,2,1,12
1176,31.05.2022,30,13,17,23,20
1177,01.06.2022,12,4,7,25,18
1178,02.06.2022,19,7,14,27,6
1179,03.06.2022,25,13,22,27,11
1180,04.06.2022,8,9,5,10,1
1181,05.06.2022,24,9,20,4,10
1182,06.06.2022,9,6,20,24,21
1183,07.06.2022,1,20,18,17,11
1184,08.06.2022,1,15,7,6,28
1185,09.06.2022,33,3,2,11,25
1186,10.06.2022,30,26,16,21,22
1187,11.06.2022,9,14,31,6,1
1188,12.06.2022,22,6,23,9,32
1189,13.06.2022,35,25,5,6,31
1190,14.06.2022,14,26,36,34,11
1191,15.06.2022,34,3,22,18,5
1192,16.06.2022,24,36,27,25,1
1193,17.06.2022,11,9,32,33,8
1194,18.06.2022,3,13,17,23,31
1195,19.06.2022,26,8,22,15,36
1196,20.06.2022,31,30,9,2,10
1197,21.06.2022,6,33,9,36,27
1198,22.06.2022,19,30,13,28,15
1199,23.06.2022,3,6,21,23,11
1200,24.06.2022,33,13,28,21,2
1201,25.06.2022,13,27,8,29,18
1202,26.06.2022,30,21,36,29,18
1203,27.06.2022,2,21,33,18,3
1204,28.06.2022,11,8,30,35,18
1205,29.06.2022,9,10,4,28,13
1206,30.06.2022,27,28,21,7,25
1207,01.07.2022,10,16,15,9,5
1208,02.07.2022,6,36,31,1,11
1209,03.07.2022,1,18,26,14,16
1210,04.07.2022,9,26,15,27,24
1211,05.07.2022,33,1,8,31,2
1212,06.07.2022,23,31,2,15,18
1213,07.07.2022,33,18,20,34,23
1214,08.07.2022,32,28,5,1,31
1215,09.07.2022,36,4,29,10,22
1216,10.07.2022,4,22,7,36,5
1217,11.07.2022,18,19,31,3,22
1218,12.07.2022,11,6,7,29,1
1219,13.07.2022,21,15,33,6,29
1220,14.07.2022,19,8,2,18,6
1221,15.07.2022,28,19,31,24,20
1222,16.07.2022,20,17,22,8,6
1223,17.07.2022,5,21,27,31,35
1224,18.07.2022,16,8,29,14,19
1225,19.07.2022,16,10,18,31,28
1226,20.07.2022,21,30,15,4,27
1227,21.07.2022,1,27,4,35,23
1228,22.07.2022,2,17,23,35,9
1229,23.07.2022,28,26,10,4,9
1230,24.07.2022,3,28,34,10,19
1231,25.07.2022,36,19,9,24,28
1232,26.07.2022,34,3,13,19,1
1233,27.07.2022,24,2,31,4,36
1234,28.07.2022,1,36,2,27,30
1235,29.07.2022,10,5,2,20,28
1236,30.07.2022,32,4,28,36,10
1237,31.07.2022,4,30,25,31,20
1238,01.08.2022,9,33,15,3,18
1239,02.08.2022,21,26,10,29,18
1240,03.08.2022,25,8,6,24,22
1241,04.08.2022,26,6,31,21,17
1242,05.08.2022,28,16,26,1,17
1243,06.08.2022,33,9,24,31,18
1244,07.08.2022,20,18,36,24,32
1245,08.08.2022,34,4,31,22,5
1246,09.08.2022,14,24,15,23,3
1247,10.08.2022,13,17,8,1,6
1248,11.08.2022,8,20,16,19,18
1249,12.08.2022,5,30,32,29,27
1250,13.08.2022,4,18,28,31,19
1251,14.08.2022,17,26,33,1,24
1252,15.08.2022,35,23,15,32,20
1253,16.08.2022,21,27,12,19,1
1254,17.08.2022,8,5,2,34,28
1255,18.08.2022,5,17,31,26,11
1256,19.08.2022,16,27,34,28,1
1257,20.08.2022,16,9,32,20,33
1258,21.08.2022,15,35,23,19,6
1259,22.08.2022,4,26,32,35,17
1260,23.08.2022,8,6,29,21,22
1261,24.08.2022,22,5,23,2,12
1262,25.08.2022,12,15,17,6,8
1263,26.08.2022,23,31,10,21,12
1264,27.08.2022,20,5,23,30,21
1265,28.08.2022,23,32,29,22,33
1266,29.08.2022,26,29,10,21,34
1267,30.08.2022,22,28,25,16,33
1268,31.08.2022,22,11,27,28,18
1269,01.09.2022,19,36,6,29,16
1270,02.09.2022,2,1,3,24,26
1271,03.09.2022,8,18,24,25,11
1272,04.09.2022,31,36,6,7,2
1273,05.09.2022,10,15,25,12,14
1274,06.09.2022,15,9,11,26,13
1275,07.09.2022,13,15,26,17,12
1276,08.09.2022,24,29,1,6,22
1277,09.09.2022,15,30,36,19,10
1278,10.09.2022,35,18,14,33,31
1279,11.09.2022,32,16,27,17,9
1280,12.09.2022,26,1,12,20,21
1281,13.09.2022,9,5,32,33,18
1282,14.09.2022,16,28,5,17,31
1283,15.09.2022,4,25,14,33,26
1284,16.09.2022,11,12,27,18,8
1285,17.09.2022,15,5,25,32,35
1286,18.09.2022,28,34,11,2,15
1287,19.09.2022,17,33,9,24,13
1288,20.09.2022,5,12,14,3,4
1289,21.09.2022,26,3,1,28,30
1290,22.09.2022,2,22,11,32,34
1291,23.09.2022,12,9,27,28,5
1292,24.09.2022,18,21,7,31,9
1293,25.09.2022,14,17,7,33,18
1294,26.09.2022,21,8,9,32,19
1295,27.09.2022,20,30,17,10,7
1296,28.09.2022,5,23,13,32,21
1297,29.09.2022,8,12,5,2,17
1298,30.09.2022,23,26,1,11,32
1299,01.10.2022,6,1,21,19,20
1300,02.10.2022,8,14,13,17,23
1301,03.10.2022,4,34,26,14,13
1302,04.10.2022,25,8,22,32,9
1303,05.10.2022,28,33,8,21,12
1304,06.10.2022,34,15,7,27,32
1305,07.10.2022,6,31,24,17,30
1306,08.10.2022,34,20,6,29,10
1307,09.10.2022,23,8,32,22,28
1308,10.10.2022,13,35,8,9,31
1309,11.10.2022,16,28,5,3,19
1310,12.10.2022,16,12,9,36,21
1311,13.10.2022,18,20,15,19,26
1312,14.10.2022,6,27,28,10,14
1313,15.10.2022,34,10,11,18,28
1314,16.10.2022,2,18,33,11,13
1315,17.10.2022,36,25,33,30,18
1316,18.10.2022,30,4,19,14,15
1317,19.10.2022,35,12,19,22,9
1318,20.10.2022,4,7,8,17,1
1319,21.10.2022,20,2,33,16,23
1320,22.10.2022,17,31,25,14,11
1321,23.10.2022,34,11,2,20,6
1322,24.10.2022,14,18,12,7,4
1323,25.10.2022,13,3,27,16,5
1324,26.10.2022,10,11,8,29,24
1325,27.10.2022,7,21,25,13,28
1326,28.10.2022,8,33,10,19,36
1327,29.10.2022,28,27,21,12,31
1328,30.10.2022,28,24,20,2,29
1329,31.10.2022,26,28,14,25,7
1330,01.11.2022,8,35,36,21,26
1331,02.11.2022,31,6,19,16,11
1332,03.11.2022,30,9,13,18,19
1333,04.11.2022,4,14,15,1,36
1334,05.11.2022,31,22,36,13,12
1335,06.11.2022,28,7,26,2,34
1336,07.11.2022,21,2,4,12,28
1337,08.11.2022,18,17,31,5,28
1338,09.11.2022,5,15,33,25,27
1339,10.11.2022,24,10,33,35,30
1340,11.11.2022,28,24,7,20,17
1341,12.11.2022,25,29,32,9,16
1342,13.11.2022,3,15,2,22,9
1343,14.11.2022,14,2,18,15,23
1344,15.11.2022,31,24,10,11,3
1345,16.11.2022,19,26,4,5,24
1346,17.11.2022,4,18,6,24,25
1347,18.11.2022,4,34,6,32,14
1348,19.11.2022,28,7,23,1,4
1349,20.11.2022,25,17,21,4,35
1350,21.11.2022,21,32,12,7,10
1351,22.11.2022,5,17,14,6,22
1352,23.11.2022,7,6,29,16,34
1353,24.11.2022,25,18,27,6,15
1354,25.11.2022,25,36,6,13,28
1355,26.11.2022,3,7,13,32,34
1356,27.11.2022,30,26,27,15,35
1357,28.11.2022,2,1,13,29,11
1358,29.11.2022,11,5,14,6,27
1359,30.11.2022,2,30,9,24,8
1360,01.12.2022,26,20,17,23,15
1361,02.12.2022,22,31,12,18,3
1362,03.12.2022,35,30,28,34,6
1363,04.12.2022,34,15,9,28,11
1364,05.12.2022,10,29,23,11,36
1365,06.12.2022,14,15,29,5,33
1366,07.12.2022,3,26,35,34,28
1367,08.12.2022,28,32,25,7,27
1368,09.12.2022,26,21,17,35,9
1369,10.12.2022,26,20,30,36,35
1370,11.12.2022,3,6,12,5,32
1371,12.12.2022,7,13,12,26,17
1372,13.12.2022,6,1,2,10,19
1373,14.12.2022,22,11,10,16,14
1374,15.12.2022,16,25,10,21,26
1375,16.12.2022,31,35,34,23,10
1376,17.12.2022,24,31,18,34,28
1377,18.12.2022,1,8,15,32,2
1378,19.12.2022,13,1,4,3,26
1379,20.12.2022,20,2,16,11,8
1380,21.12.2022,28,17,26,32,19
1381,22.12.2022,21,19,22,13,7
1382,23.12.2022,12,27,29,1,26
1383,24.12.2022,27,31,22,34,5
1384,26.12.2022,23,17,10,12,5
1385,27.12.2022,14,3,13,31,30
1386,28.12.2022,7,31,5,30,8
1387,29.12.2022,19,11,6,29,3
1388,30.12.2022,13,2,21,31,26
1389,31.12.2022,25,35,21,26,2
1390,01.01.2023,33,27,1,26,11
1391,02.01.2023,28,22,16,17,34
1392,03.01.2023,34,17,19,26,16
1393,04.01.2023,27,35,29,12,10
1394,05.01.2023,1,13,12,16,11
1395,06.01.2023,33,26,32,1,24
1396,07.01.2023,31,27,13,1,28
1397,08.01.2023,31,29,9,24,10
1398,09.01.2023,13,27,9,30,23
1399,10.01.2023,31,11,10,8,4
1400,11.01.2023,25,1,35,5,17
1401,12.01.2023,26,34,29,11,10
1402,13.01.2023,13,19,7,30,6
1403,14.01.2023,19,12,2,3,29
1404,15.01.2023,28,6,12,31,25
1405,16.01.2023,9,8,2,30,23
1406,17.01.2023,13,28,6,18,21
1407,18.01.2023,27,33,8,2,5
1408,19.01.2023,23,1,35,32,31
1409,20.01.2023,10,23,6,8,26
1410,21.01.2023,15,20,13,6,24
1411,22.01.2023,12,23,5,33,30
1412,23.01.2023,16,25,4,27,19
1413,24.01.2023,3,36,8,18,14
1414,25.01.2023,4,8,17,7,6
1415,26.01.2023,28,18,19,29,6
1416,27.01.2023,5,2,4,14,20
1417,28.01.2023,6,15,22,23,32
1418,29.01.2023,27,28,10,25,13
1419,30.01.2023,15,13,8,30,3
1420,31.01.2023,15,33,30,8,23
1421,01.02.2023,23,4,9,13,31
1422,02.02.2023,2,21,16,7,12
1423,03.02.2023,36,14,7,29,21
1424,04.02.2023,36,19,3,21,14
1425,05.02.2023,5,22,21,26,30
1426,06.02.2023,29,21,25,7,5
1427,07.02.2023,11,35,14,34,19
1428,08.02.2023,5,21,18,1,31
1429,09.02.2023,18,10,34,23,26
1430,10.02.2023,10,30,1,19,15
1431,11.02.2023,3,19,32,1,33
1432,12.02.2023,5,14,8,3,21
1433,13.02.2023,11,35,28,7,15
1434,14.02.2023,14,10,34,18,22
1435,15.02.2023,13,33,10,32,30
1436,16.02.2023,34,15,3,8,36
1437,17.02.2023,11,3,6,19,33
1438,18.02.2023,19,15,29,6,16
1439,19.02.2023,10,17,30,35,6
1440,20.02.2023,16,34,33,2,19
1441,21.02.2023,36,3,12,2,11
1442,22.02.2023,22,7,15,5,10
1443,23.02.2023,22,30,10,17,14
1444,24.02.2023,6,4,19,25,21
1445,25.02.2023,30,18,27,36,14
1446,26.02.2023,9,4,14,6,17
1447,27.02.2023,26,4,33,23,17
1448,28.02.2023,30,35,29,36,25
1449,01.03.2023,8,12,36,25,33
1450,02.03.2023,35,24,33,6,11
1451,03.03.2023,32,18,19,23,35
1452,04.03.2023,18,14,23,16,34
1453,05.03.2023,36,29,14,9,10
1454,06.03.2023,22,23,17,7,26
1455,07.03.2023,1,18,6,2,26
1456,08.03.2023,3,25,15,18,10
1457,09.03.2023,9,14,25,5,32
1458,10.03.2023,24,26,2,34,4
1459,11.03.2023,22,21,11,30,27
1460,12.03.2023,24,14,22,9,29
1461,13.03.2023,16,20,18,22,32
1462,14.03.2023,20,17,2,13,24
1463,15.03.2023,15,27,28,30,36
1464,16.03.2023,26,21,20,18,5
1465,17.03.2023,25,14,30,9,18
1466,18.03.2023,4,25,35,19,10
1467,19.03.2023,23,25,22,19,32
1468,20.03.2023,15,31,19,30,11
1469,21.03.2023,9,26,7,4,24
1470,22.03.2023,32,19,4,29,20
1471,23.03.2023,23,17,28,27,24
1472,24.03.2023,10,34,24,9,2
1473,25.03.2023,17,3,10,8,35
1474,26.03.2023,17,1,14,28,9
1475,27.03.2023,12,21,1,25,10
1476,28.03.2023,23,7,33,2,12
1477,29.03.2023,13,1,15,9,24
1478,30.03.2023,10,8,2,5,4
1479,31.03.2023,32,18,34,13,4
1480,01.04.2023,23,4,29,2,18
1481,02.04.2023,3,27,22,1,35
1482,03.04.2023,4,20,19,13,29
1483,04.04.2023,5,1,25,10,27
1484,05.04.2023,11,22,19,5,27
1485,06.04.2023,12,10,6,1,31
1486,07.04.2023,27,4,21,2,36
1487,08.04.2023,35,31,7,28,2
1488,09.04.2023,35,25,19,16,15
1489,10.04.2023,16,26,14,28,10
1490,11.04.2023,29,35,4,24,20
1491,12.04.2023,10,15,4,24,25
1492,13.04.2023,5,32,1,20,19
1493,14.04.2023,23,2,5,20,11
1494,15.04.2023,22,19,10,6,9
1495,16.04.2023,36,35,30,26,23
1496,17.04.2023,35,2,9,11,19
1497,18.04.2023,6,23,34,32,2
1498,19.04.2023,6,10,23,9,35
1499,20.04.2023,34,6,14,16,33
1500,21.04.2023,32,8,26,25,27
1501,22.04.2023,5,19,14,3,12
1502,23.04.2023,19,35,13,22,33
1503,24.04.2023,9,32,31,8,35
1504,25.04.2023,28,32,7,12,27
1505,26.04.2023,11,7,8,19,17
1506,27.04.2023,32,11,17,6,1
1507,28.04.2023,10,18,23,32,22
1508,29.04.2023,34,3,20,12,17
1509,30.04.2023,5,29,6,30,21
1510,01.05.2023,32,33,7,35,12
1511,02.05.2023,32,36,7,25,21
1512,03.05.2023,21,35,14,4,11
1513,04.05.2023,23,8,29,33,6
1514,05.05.2023,36,34,15,32,14
1515,06.05.2023,28,8,11,15,3
1516,07.05.2023,5,13,16,19,28
1517,08.05.2023,16,13,6,9,36
1518,09.05.2023,1,26,11,13,36
1519,10.05.2023,8,9,3,35,19
1520,11.05.2023,10,14,22,32,17
1521,12.05.2023,23,34,26,13,22
1522,13.05.2023,30,28,31,10,3
1523,14.05.2023,15,32,12,34,35
1524,15.05.2023,17,5,29,32,2
1525,16.05.2023,12,27,31,11,14
1526,17.05.2023,14,34,11,27,1
1527,18.05.2023,4,9,30,31,35
1528,19.05.2023,4,33,20,7,36
1529,20.05.2023,26,16,14,28,11
1530,21.05.2023,11,4,5,33,15
1531,22.05.2023,36,9,10,32,8
1532,23.05.2023,7,23,27,13,1
1533,24.05.2023,16,32,13,7,11
1534,25.05.2023,5,10,23,3,12
1535,26.05.2023,18,22,9,15,36
1536,27.05.2023,22,12,20,13,2
1537,28.05.2023,16,7,24,6,27
1538,29.05.2023,9,11,14,24,25
1539,30.05.2023,20,6,30,18,29
1540,31.05.2023,15,31,20,5,1
1541,01.06.2023,13,14,35,25,5
1542,02.06.2023,8,14,24,10,7
1543,03.06.2023,21,35,14,3,5
1544,04.06.2023,34,11,35,17,16
1545,05.06.2023,2,14,27,17,24
1546,06.06.2023,34,18,13,32,3
1547,07.06.2023,18,28,27,32,15
1548,08.06.2023,28,36,25,11,21
1549,09.06.2023,14,4,23,13,2
1550,10.06.2023,20,23,36,10,32
1551,11.06.2023,6,7,16,23,14
1552,12.06.2023,21,16,34,12,15
1553,13.06.2023,16,17,11,30,33
1554,14.06.2023,13,18,2,12,23
1555,15.06.2023,28,16,24,19,4
1556,16.06.2023,34,8,32,22,24
1557,17.06.2023,3,9,19,27,30
1558,18.06.2023,15,32,25,30,11
1559,19.06.2023,12,9,27,35,32
1560,20.06.2023,8,9,13,31,7
1561,21.06.2023,14,33,1,28,25
1562,22.06.2023,23,21,27,24,10
1563,23.06.2023,34,9,6,28,4
1564,24.06.2023,15,27,34,33,13
1565,25.06.2023,20,7,15,25,26
1566,26.06.2023,12,15,25,27,10
1567,27.06.2023,18,9,4,28,8
1568,28.06.2023,7,25,13,27,36
1569,29.06.2023,1,5,9,18,28
1570,30.06.2023,2,26,11,12,25
1571,01.07.2023,12,34,30,31,21
1572,02.07.2023,35,12,18,4,6
1573,03.07.2023,11,8,24,21,31
1574,04.07.2023,34,26,11,28,33
1575,05.07.2023,12,28,11,2,3
1576,06.07.2023,3,20,9,31,22
1577,07.07.2023,35,12,3,1,30
1578,08.07.2023,19,1,17,28,21
1579,09.07.2023,18,2,15,25,4
1580,10.07.2023,5,12,22,19,4
1581,11.07.2023,31,20,28,33,14
1582,12.07.2023,31,16,23,27,24
1583,13.07.2023,6,18,4,1,5
1584,14.07.2023,20,30,16,24,35
1585,15.07.2023,29,26,35,25,36
1586,16.07.2023,27,30,7,25,14
1587,17.07.2023,34,19,22,28,4
1588,18.07.2023,25,27,33,10,23
1589,19.07.2023,10,16,17,25,14
1590,20.07.2023,4,16,21,25,7
1591,21.07.2023,11,10,28,6,13
1592,22.07.2023,13,1,29,16,26
1593,23.07.2023,22,16,23,15,1
1594,24.07.2023,24,8,22,12,14
1595,25.07.2023,18,20,7,23,1
1596,26.07.2023,7,27,14,8,35
1597,27.07.2023,8,4,29,32,26
1598,28.07.2023,15,30,34,6,8
1599,29.07.2023,5,24,25,8,10
1600,30.07.2023,16,26,5,13,1
1601,31.07.2023,1,19,32,30,23
1602,01.08.2023,11,17,10,32,13
1603,02.08.2023,4,34,6,24,17
1604,03.08.2023,14,5,2,20,30
1605,04.08.2023,11,27,24,8,31
1606,05.08.2023,5,8,28,33,23
1607,06.08.2023,11,1,31,2,7
1608,07.08.2023,22,5,34,1,29
1609,08.08.2023,18,7,4,34,8
1610,09.08.2023,35,17,8,26,11
1611,10.08.2023,14,22,17,26,20
1612,11.08.2023,33,5,30,27,16
1613,12.08.2023,33,1,25,35,36
1614,13.08.2023,28,15,33,14,16
1615,14.08.2023,1,9,31,24,21
1616,15.08.2023,14,34,10,6,15
1617,16.08.2023,4,25,5,36,31
1618,17.08.2023,11,17,1,2,32
1619,18.08.2023,2,28,33,25,16
1620,19.08.2023,11,21,32,18,13
1621,20.08.2023,1,32,14,36,20
1622,21.08.2023,12,5,8,18,6
1623,22.08.2023,2,15,27,12,36
1624,23.08.2023,12,3,22,23,14
1625,24.08.2023,8,20,29,6,33
1626,25.08.2023,13,21,28,29,35
1627,26.08.2023,12,15,9,18,10
1628,27.08.2023,12,20,26,8,28
1629,28.08.2023,4,30,14,22,32
1630,29.08.2023,25,11,24,6,22
1631,30.08.2023,34,3,5,35,13
1632,31.08.2023,26,11,31,7,4
1633,01.09.2023,31,36,8,35,33
1634,02.09.2023,12,24,33,2,25
1635,03.09.2023,8,25,17,14,34
1636,04.09.2023,8,1,22,10,13
1637,05.09.2023,35,16,5,17,23
1638,06.09.2023,17,4,24,15,26
1639,07.09.2023,7,1,15,31,9
1640,08.09.2023,6,24,36,10,23
1641,09.09.2023,15,19,25,3,20
1642,10.09.2023,1,19,9,14,13
1643,11.09.2023,32,35,22,4,6
1644,12.09.2023,32,15,4,29,11
1645,13.09.2023,18,20,10,16,12
1646,14.09.2023,12,8,16,22,28
1647,15.09.2023,36,34,33,2,8
1648,16.09.2023,30,12,35,5,9
1649,17.09.2023,30,29,19,2,8
1650,18.09.2023,31,32,30,3,4
1651,19.09.2023,30,8,1,33,26
1652,20.09.2023,9,18,26,7,31
1653,21.09.2023,4,5,6,12,24
1654,22.09.2023,16,10,30,28,13
1655,23.09.2023,34,22,10,31,12
1656,24.09.2023,9,26,15,28,8
1657,25.09.2023,18,33,10,22,3
1658,26.09.2023,27,10,7,2,26
1659,27.09.2023,33,16,19,32,25
1660,28.09.2023,30,9,10,5,23
1661,29.09.2023,2,29,11,7,15
1662,30.09.2023,24,7,3,36,17
1663,01.10.2023,17,31,23,25,16
1664,02.10.2023,17,7,5,22,1
1665,03.10.2023,2,18,7,28,11
1666,04.10.2023,16,5,8,17,36
1667,05.10.2023,7,9,17,24,23
1668,06.10.2023,14,5,12,27,26
1669,07.10.2023,20,3,27,21,22
1670,08.10.2023,14,2,8,23,32
1671,09.10.2023,31,13,35,1,29
1672,10.10.2023,10,34,3,31,13
1673,11.10.2023,1,33,31,12,21
1674,12.10.2023,11,13,7,9,6
1675,13.10.2023,23,14,3,17,13
1676,14.10.2023,14,12,18,19,22
1677,15.10.2023,34,16,23,33,10
1678,16.10.2023,20,27,17,22,3
1679,17.10.2023,12,30,22,35,28
1680,18.10.2023,29,17,30,22,32
1681,19.10.2023,16,12,6,8,36
1682,20.10.2023,21,1,3,30,13
1683,21.10.2023,16,21,24,31,14
1684,22.10.2023,15,6,14,12,2
1685,23.10.2023,7,3,21,18,15
1686,24.10.2023,9,18,3,16,34
1687,25.10.2023,29,31,30,10,35
1688,26.10.2023,22,1,12,3,28
1689,27.10.2023,14,34,13,11,18
1690,28.10.2023,16,6,7,22,31
1691,29.10.2023,20,26,12,34,13
1692,30.10.2023,10,33,31,36,2
1693,31.10.2023,28,29,20,13,16
1694,01.11.2023,17,29,9,26,13
1695,02.11.2023,35,19,25,16,21
1696,03.11.2023,18,20,21,28,15
1697,04.11.2023,4,36,16,35,14
1698,05.11.2023,21,34,4,17,23
1699,06.11.2023,19,7,15,4,28
1700,07.11.2023,36,1,18,5,7
1701,08.11.2023,30,36,28,34,21
1702,09.11.2023,20,11,13,25,16
1703,10.11.2023,17,16,8,36,33
1704,11.11.2023,27,19,12,35,29
1705,12.11.2023,31,20,5,6,19
1706,13.11.2023,36,22,31,13,33
1707,14.11.2023,5,28,13,6,11
1708,15.11.2023,17,5,22,36,11
1709,16.11.2023,28,19,36,2,8
1710,17.11.2023,20,12,31,33,6
1711,18.11.2023,33,21,5,34,31
1712,19.11.2023,23,28,20,10,8
1713,20.11.2023,28,30,2,35,11
1714,21.11.2023,6,7,3,1,30
1715,22.11.2023,27,9,5,14,31
1716,23.11.2023,3,21,33,28,24
1717,24.11.2023,1,32,16,36,31
1718,25.11.2023,4,24,20,7,1
1719,26.11.2023,7,27,26,1,15
1720,27.11.2023,23,29,15,4,14
1721,28.11.2023,6,29,36,33,21
1722,29.11.2023,18,19,31,35,26
1723,30.11.2023,35,13,21,7,23
1724,01.12.2023,17,9,29,19,16
1725,02.12.2023,35,33,1,29,31
1726,03.12.2023,9,1,22,25,20
1727,04.12.2023,10,12,34,6,7
1728,05.12.2023,31,27,5,19,8
1729,06.12.2023,4,9,32,35,2
1730,07.12.2023,27,18,23,24,13
1731,08.12.2023,36,30,22,9,14
1732,09.12.2023,33,32,13,22,34
1733,10.12.2023,5,11,2,35,29
1734,11.12.2023,6,20,15,13,21
1735,12.12.2023,22,19,10,36,32
1736,13.12.2023,24,22,32,4,23
1737,14.12.2023,14,3,1,8,10
1738,15.12.2023,14,36,3,17,23
1739,16.12.2023,30,15,29,2,14
1740,17.12.2023,11,17,27,16,21
1741,18.12.2023,15,1,32,23,16
1742,19.12.2023,21,1,7,9,34
1743,20.12.2023,20,1,18,29,10
1744,21.12.2023,11,10,15,33,6
1745,22.12.2023,36,20,24,28,25
1746,23.12.2023,23,6,18,29,34
1747,24.12.2023,18,12,17,7,9
1748,26.12.2023,19,16,35,36,14
1749,27.12.2023,8,27,19,10,3
1750,28.12.2023,30,3,6,32,19
1751,29.12.2023,18,15,21,19,6
1752,30.12.2023,26,22,20,9,1
1753,31.12.2023,35,36,11,33,14
1754,01.01.2024,17,14,3,32,2
1755,02.01.2024,30,27,33,16,19
1756,03.01.2024,34,31,25,2,10
1757,04.01.2024,14,7,3,19,34
1758,05.01.2024,6,34,18,29,3
1759,06.01.2024,29,21,17,32,8
1760,07.01.2024,25,31,20,4,29
1761,08.01.2024,19,23,4,12,26
1762,09.01.2024,17,27,3,13,6
1763,10.01.2024,4,9,19,3,13
1764,11.01.2024,14,9,27,32,18
1765,12.01.2024,36,1,25,34,8
1766,13.01.2024,11,9,7,30,5
1767,14.01.2024,33,35,27,10,19
1768,15.01.2024,33,27,5,25,34
1769,16.01.2024,28,34,7,25,9
1770,17.01.2024,20,3,33,24,17
1771,18.01.2024,31,12,15,29,22
1772,19.01.2024,32,9,10,35,21
1773,20.01.2024,14,5,30,6,33
1774,21.01.2024,19,22,18,4,1
1775,22.01.2024,34,31,18,2,9
1776,23.01.2024,23,22,25,15,36
1777,24.01.2024,26,9,22,11,27
1778,25.01.2024,3,11,1,32,12
1779,26.01.2024,10,33,17,21,2
1780,27.01.2024,14,10,27,29,32
1781,28.01.2024,14,34,15,35,9
1782,29.01.2024,11,22,10,8,23
1783,30.01.2024,3,30,29,10,16
1784,31.01.2024,12,4,29,10,9
1785,01.02.2024,28,10,35,18,34
1786,02.02.2024,11,13,20,33,16
1787,03.02.2024,36,8,33,22,5
1788,04.02.2024,1,18,23,11,2
1789,05.02.2024,12,3,14,28,10
1790,06.02.2024,16,32,33,21,8
1791,07.02.2024,19,11,10,32,7
1792,08.02.2024,27,33,16,2,24
1793,09.02.2024,34,36,24,10,29
1794,10.02.2024,29,16,24,7,12
1795,11.02.2024,14,17,9,13,10
1796,12.02.2024,14,30,27,3,34
1797,13.02.2024,7,8,26,16,30
1798,14.02.2024,36,4,29,1,10
1799,15.02.2024,10,2,16,34,19
1800,16.02.2024,14,18,32,1,20
1801,17.02.2024,25,8,28,15,10
1802,18.02.2024,16,17,33,6,5
1803,19.02.2024,1,27,2,26,5
1804,20.02.2024,30,32,22,7,13
1805,21.02.2024,36,35,1,9,16
1806,22.02.2024,29,15,5,13,16
1807,23.02.2024,26,19,33,4,25
1808,24.02.2024,1,15,2,11,20
1809,25.02.2024,26,21,15,28,27
1810,26.02.2024,4,36,32,3,9
1811,27.02.2024,20,27,36,33,11
1812,28.02.2024,29,4,17,27,26
1813,29.02.2024,16,7,21,14,28
1814,01.03.2024,20,22,29,24,31
1815,02.03.2024,15,9,36,6,16
1816,03.03.2024,15,6,7,34,24
1817,04.03.2024,18,9,27,12,6
1818,05.03.2024,4,6,3,8,23
1819,06.03.2024,9,12,28,30,4
1820,07.03.2024,28,22,3,13,12
1821,08.03.2024,10,15,11,21,12
1822,09.03.2024,16,11,20,29,18
1823,10.03.2024,6,7,12,29,18
1824,11.03.2024,9,4,16,12,21
1825,12.03.2024,3,36,34,28,27
1826,13.03.2024,4,29,8,15,13
1827,14.03.2024,11,35,24,32,27
1828,15.03.2024,23,8,34,4,24
1829,16.03.2024,25,13,3,15,28
1830,17.03.2024,19,26,28,4,5
1831,18.03.2024,5,4,9,27,35
1832,19.03.2024,19,16,24,9,18
1833,20.03.2024,34,19,18,25,10
1834,21.03.2024,17,30,8,22,21
1835,22.03.2024,6,7,30,9,16
1836,23.03.2024,8,7,31,20,24
1837,24.03.2024,7,35,9,27,10
1838,25.03.2024,4,15,33,8,35
1839,26.03.2024,2,4,18,5,11
1840,27.03.2024,1,8,10,3,28
1841,28.03.2024,23,2,22,30,19
1842,29.03.2024,13,27,11,23,2
1843,30.03.2024,35,6,13,14,1
1844,31.03.2024,6,4,5,9,11
1845,01.04.2024,31,18,23,5,11
1846,02.04.2024,24,31,36,33,14
1847,03.04.2024,22,8,27,2,36
1848,04.04.2024,8,21,29,26,1
1849,05.04.2024,35,10,2,11,33
1850,06.04.2024,35,4,33,30,17
1851,07.04.2024,23,7,4,14,2
1852,08.04.2024,8,11,28,31,14
1853,09.04.2024,2,28,8,31,26
1854,10.04.2024,6,35,21,27,10
1855,11.04.2024,2,34,26,9,5
1856,12.04.2024,34,19,9,31,11
1857,13.04.2024,8,13,23,31,6
1858,14.04.2024,31,26,2,34,7
1859,15.04.2024,17,12,13,1,25
1860,16.04.2024,22,27,9,4,2
1861,17.04.2024,18,29,33,8,34
1862,18.04.2024,28,19,34,33,15
1863,19.04.2024,23,32,6,4,29
1864,20.04.2024,14,33,28,8,17
1865,21.04.2024,4,9,24,11,26
1866,22.04.2024,4,36,10,13,12
1867,23.04.2024,23,35,36,12,6
1868,24.04.2024,26,3,33,28,5
1869,25.04.2024,8,30,21,5,10
1870,26.04.2024,9,6,17,7,30
1871,27.04.2024,15,7,17,23,11
1872,28.04.2024,6,34,29,9,31
1873,29.04.2024,7,9,26,25,36
1874,30.04.2024,35,32,22,30,1
1875,01.05.2024,20,7,3,14,29
1876,02.05.2024,29,8,25,2,31
1877,03.05.2024,26,18,5,24,2
1878,04.05.2024,9,34,23,24,32
1879,05.05.2024,28,31,18,14,17
1880,06.05.2024,3,6,31,11,10
1881,07.05.2024,28,11,5,22,1
1882,08.05.2024,8,26,28,18,22
1883,09.05.2024,33,3,15,26,24
1884,10.05.2024,4,1,18,33,5
1885,11.05.2024,27,26,30,6,8
1886,12.05.2024,29,11,31,8,7
1887,13.05.2024,9,8,16,11,13
1888,14.05.2024,24,7,20,25,18
1889,15.05.2024,22,31,15,7,23
1890,16.05.2024,28,15,26,12,32
1891,17.05.2024,7,13,3,27,36
1892,18.05.2024,7,17,13,36,11
1893,19.05.2024,23,20,7,36,33
1894,20.05.2024,36,9,35,31,16
1895,21.05.2024,3,1,17,34,35
1896,22.05.2024,35,33,18,30,4
1897,23.05.2024,23,32,19,13,31
1898,24.05.2024,36,22,20,29,17
1899,25.05.2024,3,13,34,35,9
1900,26.05.2024,2,22,18,4,9
1901,27.05.2024,22,2,1,3,5
1902,28.05.2024,16,6,31,25,19
1903,29.05.2024,21,13,10,33,24
1904,30.05.2024,8,4,3,21,33
1905,31.05.2024,19,1,34,29,31
1906,01.06.2024,22,8,13,24,3
1907,02.06.2024,36,10,22,8,30
1908,03.06.2024,17,26,2,36,10
1909,04.06.2024,11,20,27,2,26
1910,05.06.2024,13,6,1,29,10
1911,06.06.2024,23,15,26,11,34
1912,07.06.2024,4,25,13,22,18
1913,08.06.2024,7,1,12,33,24
1914,09.06.2024,21,3,23,29,18
1915,10.06.2024,5,16,21,25,11
1916,11.06.2024,29,8,9,25,1
1917,12.06.2024,18,35,19,34,20
1918,13.06.2024,35,34,36,24,5
1919,14.06.2024,20,15,35,36,2
1920,15.06.2024,21,18,31,4,16
1921,16.06.2024,12,15,25,11,35
1922,17.06.2024,34,11,14,4,2
1923,18.06.2024,6,11,4,24,14
1924,19.06.2024,24,32,7,23,9
1925,20.06.2024,5,28,10,1,20
1926,21.06.2024,15,34,7,18,17
1927,22.06.2024,24,8,32,5,1
1928,23.06.2024,21,23,9,8,12
1929,24.06.2024,9,11,15,21,27
1930,25.06.2024,30,27,7,23,10
1931,26.06.2024,8,19,13,23,4
1932,27.06.2024,2,13,3,12,34
1933,28.06.2024,14,15,25,4,23
1934,29.06.2024,33,36,11,10,21
1935,30.06.2024,2,11,32,13,1
1936,01.07.2024,18,31,32,16,25
1937,02.07.2024,30,1,22,16,24
1938,03.07.2024,17,31,13,11,34
1939,04.07.2024,36,34,1,9,13
1940,05.07.2024,32,24,10,8,27
1941,06.07.2024,10,11,30,34,16
1942,07.07.2024,30,12,16,15,14
1943,08.07.2024,6,12,34,32,16
1944,09.07.2024,15,17,28,31,3
1945,10.07.2024,21,26,19,12,14
1946,11.07.2024,28,13,15,25,4
1947,12.07.2024,30,20,35,9,15
1948,13.07.2024,6,7,30,14,17
1949,14.07.2024,34,16,32,10,25
1950,15.07.2024,22,1,29,4,32
1951,16.07.2024,7,1,18,35,11
1952,17.07.2024,30,2,23,35,19
1953,18.07.2024,36,26,25,32,4
1954,19.07.2024,26,11,22,24,32
1955,20.07.2024,20,17,32,36,24
1956,21.07.2024,28,30,4,14,2
1957,22.07.2024,36,34,15,30,11
1958,23.07.2024,10,34,6,14,32
1959,24.07.2024,33,14,11,7,16
1960,25.07.2024,6,17,8,33,19
1961,26.07.2024,27,11,31,7,4
1962,27.07.2024,33,19,32,10,25
1963,28.07.2024,1,3,4,12,32
1964,29.07.2024,24,35,16,27,3
1965,30.07.2024,26,20,11,23,5
1966,31.07.2024,11,2,16,4,27
1967,01.08.2024,8,16,35,10,9
1968,02.08.2024,11,25,15,16,1
1969,03.08.2024,21,19,1,25,23
1970,04.08.2024,15,21,14,6,7
1971,05.08.2024,27,1,23,9,20
1972,06.08.2024,5,19,14,25,17
1973,07.08.2024,24,17,33,1,10
1974,08.08.2024,15,36,28,25,29
1975,09.08.2024,8,36,32,22,14
1976,10.08.2024,10,31,26,1,4
1977,11.08.2024,8,4,19,7,26
1978,12.08.2024,16,22,20,11,5
1979,13.08.2024,30,2,33,22,3
1980,14.08.2024,15,25,20,29,34
1981,15.08.2024,32,29,19,13,3
1982,16.08.2024,24,11,36,30,10
1983,17.08.2024,21,34,27,33,7
1984,18.08.2024,7,31,32,28,1
1985,19.08.2024,33,14,12,34,22
1986,20.08.2024,21,24,28,18,4
1987,21.08.2024,22,28,34,27,5
1988,22.08.2024,12,7,6,24,8
1989,23.08.2024,24,29,11,2,16
1990,24.08.2024,25,11,21,13,34
1991,25.08.2024,6,31,15,23,27
1992,26.08.2024,5,32,10,31,17
1993,27.08.2024,17,27,4,2,14
1994,28.08.2024,26,32,18,30,17
1995,29.08.2024,35,16,26,1,29
1996,30.08.2024,2,34,27,16,5
1997,31.08.2024,8,34,17,35,31
1998,01.09.2024,31,30,34,13,15
1999,02.09.2024,4,6,8,25,14
2000,03.09.2024,6,18,17,16,9
2001,04.09.2024,25,32,20,14,24
2002,05.09.2024,28,23,11,33,13
2003,06.09.2024,11,29,23,36,22
2004,07.09.2024,14,13,21,31,24
2005,08.09.2024,6,26,23,27,29
2006,09.09.2024,35,15,11,20,36
2007,10.09.2024,1,9,24,13,31
2008,11.09.2024,21,34,1,11,13
2009,12.09.2024,36,12,14,24,10
2010,13.09.2024,17,28,29,26,4
2011,14.09.2024,23,29,19,17,31
2012,15.09.2024,35,21,25,10,36
2013,16.09.2024,7,9,20,10,28
2014,17.09.2024,19,34,23,2,18
2015,18.09.2024,1,17,4,11,15
2016,19.09.2024,33,22,8,10,32
2017,20.09.2024,12,7,25,13,2
2018,21.09.2024,28,6,33,1,15
2019,22.09.2024,10,14,6,5,2
2020,23.09.2024,32,3,31,11,7
2021,24.09.2024,9,10,17,14,11
2022,25.09.2024,33,20,11,35,19
2023,26.09.2024,30,1,15,32,31
2024,27.09.2024,35,4,34,25,16
2025,28.09.2024,7,2,8,12,13
2026,29.09.2024,18,17,25,10,35
2027,30.09.2024,17,16,13,15,35
2028,01.10.2024,22,23,32,28,34
2029,02.10.2024,34,29,30,11,2
2030,03.10.2024,2,3,1,25,31
2031,04.10.2024,33,17,32,29,30
2032,05.10.2024,31,30,12,5,35
2033,06.10.2024,36,23,35,33,13
2034,07.10.2024,34,7,29,3,32
2035,08.10.2024,13,19,15,24,6
2036,09.10.2024,13,25,23,11,22
2037,10.10.2024,10,34,26,11,4
2038,11.10.2024,7,25,21,26,5
2039,12.10.2024,1,9,33,2,27
2040,13.10.2024,25,8,26,4,36
2041,14.10.2024,14,36,22,25,28
2042,15.10.2024,27,33,25,30,22
2043,16.10.2024,16,14,7,5,25
2044,17.10.2024,28,6,32,7,8
2045,18.10.2024,12,26,20,7,4
2046,19.10.2024,13,10,30,8,23
2047,20.10.2024,30,33,29,11,1
2048,21.10.2024,5,26,22,17,7
2049,22.10.2024,2,4,1,33,26
2050,23.10.2024,26,33,3,16,24
2051,24.10.2024,8,28,30,11,23
2052,25.10.2024,6,25,14,11,24
2053,26.10.2024,33,31,10,23,5
2054,27.10.2024,20,15,16,30,29
2055,28.10.2024,14,22,16,30,25
2056,29.10.2024,36,7,24,15,23
2057,30.10.2024,15,28,17,36,26
2058,31.10.2024,26,27,31,6,8
2059,01.11.2024,20,15,19,29,18
2060,02.11.2024,4,3,29,24,18
2061,03.11.2024,35,31,17,3,4
2062,04.11.2024,11,5,12,36,28
2063,05.11.2024,13,24,4,3,23
2064,06.11.2024,34,24,29,27,30
2065,07.11.2024,25,18,15,12,4
2066,08.11.2024,16,19,5,11,17
2067,09.11.2024,10,24,7,15,4
2068,10.11.2024,21,18,20,7,34
2069,11.11.2024,35,12,11,2,23
2070,12.11.2024,21,34,16,29,22
2071,13.11.2024,14,23,28,9,2
2072,14.11.2024,21,9,32,34,25
2073,15.11.2024,8,31,29,20,19
2074,16.11.2024,18,36,19,1,33
2075,17.11.2024,6,10,22,28,25
2076,18.11.2024,21,7,32,2,16
2077,19.11.2024,16,19,36,8,6
2078,20.11.2024,23,30,35,28,13
2079,21.11.2024,1,13,2,7,21
2080,22.11.2024,12,2,25,9,32
2081,23.11.2024,13,21,34,1,18
2082,24.11.2024,23,11,33,14,18
2083,25.11.2024,2,18,20,17,4
2084,26.11.2024,21,8,20,35,30
2085,27.11.2024,18,5,31,6,29
2086,28.11.2024,6,8,36,26,35
2087,29.11.2024,13,27,20,24,17
2088,30.11.2024,36,28,24,30,17
2089,01.12.2024,15,24,28,18,5
2090,02.12.2024,16,26,2,10,8
2091,03.12.2024,2,36,1,20,29
2092,04.12.2024,6,1,20,22,8
2093,05.12.2024,21,27,25,3,9
2094,06.12.2024,5,17,18,8,35
2095,07.12.2024,32,14,8,25,36
2096,08.12.2024,14,20,32,36,18
2097,09.12.2024,12,25,31,35,2
2098,10.12.2024,20,35,5,28,11
2099,11.12.2024,6,28,9,7,18
2100,12.12.2024,16,26,19,27,36
2101,13.12.2024,12,27,7,33,19
2102,14.12.2024,17,28,6,22,31
2103,15.12.2024,14,19,30,2,10
2104,16.12.2024,27,36,25,18,5
2105,17.12.2024,6,17,9,27,21
2106,18.12.2024,29,15,33,4,27
2107,19.12.2024,20,3,33,15,24
2108,20.12.2024,15,11,14,25,9
2109,21.12.2024,1,23,3,10,18
2110,22.12.2024,4,33,3,8,32
2111,23.12.2024,18,28,8,1,14
2112,24.12.2024,23,14,34,27,30
2113,26.12.2024,14,5,32,23,36
2114,27.12.2024,17,29,24,2,12
2115,28.12.2024,18,10,21,6,1
2116,29.12.2024,2,5,32,20,35
2117,30.12.2024,10,27,21,30,31
2118,31.12.2024,7,28,19,18,30
2119,01.01.2025,10,35,8,34,36
2120,02.01.2025,33,16,2,8,32
2121,03.01.2025,6,36,1,29,27
2122,04.01.2025,30,27,25,12,35
2123,05.01.2025,3,5,28,9,12
2124,06.01.2025,31,33,6,13,21
2125,07.01.2025,15,20,23,19,34
2126,08.01.2025,32,20,13,7,2
2127,09.01.2025,24,27,6,23,7
2128,10.01.2025,14,20,7,16,12
2129,11.01.2025,17,35,9,28,12
2130,12.01.2025,7,20,34,12,33
2131,13.01.2025,29,16,3,21,11
2132,14.01.2025,12,6,15,13,1
2133,15.01.2025,33,3,12,2,18
2134,16.01.2025,13,27,26,28,24
2135,17.01.2025,31,26,11,14,18
2136,18.01.2025,11,10,9,14,20
2137,19.01.2025,23,13,15,32,7
2138,20.01.2025,6,23,8,5,28
2139,21.01.2025,32,5,23,20,22
2140,22.01.2025,25,11,29,31,33
2141,23.01.2025,18,28,17,7,9
2142,24.01.2025,30,29,14,27,33
2143,25.01.2025,22,2,4,28,3
2144,26.01.2025,34,1,35,13,17
2145,27.01.2025,17,4,2,34,5
2146,28.01.2025,33,27,9,28,20
2147,29.01.2025,10,29,28,33,14
2148,30.01.2025,36,24,9,35,2
2149,31.01.2025,1,26,3,8,28
2150,01.02.2025,35,4,14,28,6
2151,02.02.2025,19,14,35,31,26
2152,03.02.2025,3,10,7,28,8
2153,04.02.2025,23,36,15,13,25
2154,05.02.2025,19,17,35,8,29
2155,06.02.2025,19,25,30,14,6
2156,07.02.2025,26,4,21,2,3
2157,08.02.2025,15,10,20,17,23
2158,09.02.2025,33,9,31,1,27
2159,10.02.2025,15,18,26,9,21
2160,11.02.2025,29,27,33,1,26
2161,12.02.2025,8,1,3,11,27
2162,13.02.2025,16,21,19,23,18
2163,14.02.2025,1,27,10,31,5
2164,15.02.2025,6,34,28,17,2
2165,16.02.2025,16,30,24,7,26
2166,17.02.2025,19,33,18,34,20
2167,18.02.2025,4,21,28,2,17
2168,19.02.2025,12,25,4,33,17
2169,20.02.2025,35,6,25,26,3
2170,21.02.2025,15,12,27,17,22
2171,22.02.2025,30,24,7,3,9
2172,23.02.2025,32,36,22,27,12
2173,24.02.2025,32,2,36,30,6
2174,25.02.2025,36,34,2,13,20
2175,26.02.2025,3,18,34,25,36
2176,27.02.2025,31,4,20,13,32
2177,28.02.2025,33,30,9,16,19
2178,01.03.2025,5,22,25,29,23
2179,02.03.2025,23,30,36,4,13
2180,03.03.2025,18,16,24,19,22
2181,04.03.2025,27,23,21,14,16
2182,05.03.2025,8,1,36,3,16
2183,06.03.2025,9,14,16,1,27
2184,07.03.2025,16,6,22,36,30
2185,08.03.2025,35,7,33,20,6
2186,09.03.2025,12,5,19,36,32
2187,10.03.2025,10,12,1,21,6
2188,11.03.2025,16,31,10,6,9
2189,12.03.2025,34,30,15,19,18
2190,13.03.2025,33,12,32,25,29
2191,14.03.2025,33,27,17,16,35
2192,15.03.2025,36,17,29,9,23
2193,16.03.2025,30,21,4,25,12
2194,17.03.2025,7,3,34,35,23
2195,18.03.2025,33,4,27,23,25
2196,19.03.2025,8,35,18,26,29
2197,20.03.2025,10,1,22,4,19
2198,21.03.2025,13,36,2,6,21
2199,22.03.2025,23,14,13,8,24
2200,23.03.2025,27,5,25,11,9
2201,24.03.2025,5,7,17,28,13
2202,25.03.2025,11,21,35,27,15
2203,26.03.2025,4,1,3,12,8
2204,27.03.2025,23,22,11,8,5
2205,28.03.2025,6,16,30,11,5
2206,29.03.2025,4,7,16,26,19
2207,30.03.2025,12,20,28,3,14
2208,31.03.2025,5,35,10,31,16
2209,01.04.2025,20,32,24,27,31
2210,02.04.2025,24,11,26,7,9
2211,03.04.2025,15,34,23,17,35
2212,04.04.2025,14,29,2,17,13
2213,05.04.2025,31,28,2,19,17
2214,06.04.2025,24,15,1,8,33
2215,07.04.2025,17,34,32,10,13
2216,08.04.2025,30,4,17,26,2
2217,09.04.2025,5,15,32,24,3
2218,10.04.2025,12,7,9,17,2
2219,11.04.2025,28,10,3,25,13
2220,12.04.2025,17,14,35,2,27
2221,13.04.2025,36,24,21,35,25
2222,14.04.2025,25,31,7,19,5
2223,15.04.2025,26,3,8,33,12
2224,16.04.2025,23,33,17,9,13
2225,17.04.2025,10,2,12,28,20
2226,18.04.2025,28,9,3,2,31
2227,19.04.2025,23,1,7,9,24
2228,20.04.2025,34,25,10,27,32
2229,21.04.2025,13,33,15,28,17
2230,22.04.2025,11,9,22,29,21
2231,23.04.2025,3,25,30,5,1
2232,24.04.2025,32,34,28,35,27
2233,25.04.2025,4,30,7,21,27
2234,26.04.2025,15,21,27,3,33
2235,27.04.2025,14,17,24,11,21
2236,28.04.2025,13,1,4,35,28
2237,29.04.2025,4,11,9,30,14
2238,30.04.2025,3,10,22,18,25
2239,01.05.2025,3,19,35,22,25
2240,02.05.2025,24,11,19,13,4
2241,03.05.2025,6,26,4,28,24
2242,04.05.2025,20,26,35,14,31
2243,05.05.2025,2,15,13,27,35
2244,06.05.2025,14,27,6,7,3
2245,07.05.2025,4,7,27,8,2
2246,08.05.2025,18,23,35,27,32
2247,09.05.2025,15,2,1,11,26
2248,10.05.2025,9,23,21,19,28
2249,11.05.2025,2,18,20,19,21
2250,12.05.2025,16,4,36,1,31
2251,13.05.2025,1,5,19,31,35
2252,14.05.2025,34,2,35,3,17
2253,15.05.2025,12,6,15,3,2
2254,16.05.2025,19,18,31,1,32
2255,17.05.2025,13,8,1,6,4
2256,18.05.2025,33,19,21,16,9
2257,19.05.2025,16,24,10,7,35
2258,20.05.2025,29,28,13,30,16
2259,21.05.2025,11,13,18,1,30
2260,22.05.2025,33,1,6,23,26
2261,23.05.2025,20,12,15,2,3
2262,24.05.2025,35,4,34,27,15
2263,25.05.2025,4,24,11,1,20
2264,26.05.2025,16,5,15,7,14
2265,27.05.2025,8,9,1,36,24
2266,28.05.2025,3,13,15,27,12
2267,29.05.2025,21,7,18,3,2
2268,30.05.2025,11,22,25,9,13
2269,31.05.2025,6,24,12,35,23
2270,01.06.2025,25,16,29,15,21
2271,02.06.2025,35,18,23,24,9
2272,03.06.2025,1,30,13,22,3
2273,04.06.2025,26,11,2,10,12
2274,05.06.2025,7,27,35,22,15
2275,06.06.2025,22,12,7,4,29
2276,07.06.2025,26,13,7,2,33
2277,08.06.2025,19,6,32,18,20
2278,09.06.2025,32,18,3,11,35
2279,10.06.2025,15,36,12,29,3
2280,11.06.2025,14,31,11,4,32
2281,12.06.2025,21,19,31,23,4
2282,13.06.2025,18,35,20,2,15
2283,14.06.2025,5,30,4,19,13
2284,15.06.2025,31,11,20,9,14
2285,16.06.2025,21,16,1,3,8
2286,17.06.2025,10,35,21,30,27
2287,18.06.2025,27,3,19,26,13
2288,19.06.2025,34,17,33,20,21
2289,20.06.2025,4,18,20,36,2
2290,21.06.2025,20,24,27,3,7
2291,22.06.2025,35,10,32,13,27
2292,23.06.2025,19,12,27,4,5
2293,24.06.2025,17,8,35,31,25
2294,25.06.2025,13,2,3,28,26
2295,26.06.2025,33,35,18,11,14
2296,27.06.2025,31,19,28,33,9
2297,28.06.2025,33,31,11,7,35
2298,29.06.2025,9,11,22,7,21
2299,30.06.2025,6,28,12,19,20
2300,01.07.2025,28,21,11,32,30
2301,02.07.2025,28,36,26,16,11
2302,03.07.2025,18,15,5,33,3
2303,04.07.2025,35,10,32,26,22
2304,05.07.2025,30,24,9,18,4
2305,06.07.2025,11,32,5,33,7
2306,07.07.2025,3,33,28,1,22
2307,08.07.2025,31,20,33,28,2
2308,09.07.2025,32,35,10,4,12
2309,10.07.2025,24,9,3,27,20
2310,11.07.2025,14,36,6,22,8
2311,12.07.2025,17,13,32,25,4
2312,13.07.2025,24,5,1,23,13
2313,14.07.2025,26,29,17,32,6
2314,15.07.2025,18,16,26,30,24
2315,16.07.2025,30,5,22,10,20
2316,17.07.2025,28,7,36,5,4
2317,18.07.2025,2,33,15,19,17
2318,19.07.2025,8,19,6,11,3
2319,20.07.2025,6,36,31,28,24
2320,21.07.2025,29,1,17,19,3
2321,22.07.2025,2,17,20,14,31
2322,23.07.2025,30,6,15,19,13
2323,24.07.2025,29,14,31,27,10
2324,25.07.2025,28,2,34,6,30
2325,26.07.2025,14,16,23,29,21
2326,27.07.2025,25,28,17,14,32
2327,28.07.2025,36,23,22,10,33
2328,29.07.2025,27,26,14,12,28
2329,30.07.2025,10,20,3,12,15
2330,31.07.2025,24,9,5,14,21
2331,01.08.2025,14,27,25,20,9
2332,02.08.2025,4,12,5,27,19
2333,03.08.2025,19,22,5,6,10
2334,04.08.2025,22,7,17,6,5
2335,05.08.2025,10,24,13,25,1
2336,06.08.2025,35,11,29,4,2
2337,07.08.2025,30,35,15,14,33
2338,08.08.2025,4,3,19,15,13
2339,09.08.2025,29,15,30,10,4
2340,10.08.2025,2,16,28,22,18
2341,11.08.2025,29,10,12,26,34
2342,12.08.2025,2,8,3,14,34
2343,13.08.2025,19,31,14,3,15
2344,14.08.2025,29,12,16,21,19
2345,15.08.2025,15,26,24,14,35
2346,16.08.2025,26,9,18,23,5
2347,17.08.2025,29,19,5,26,30
2348,18.08.2025,30,10,25,12,18
2349,19.08.2025,4,8,17,20,13
2350,20.08.2025,25,14,7,17,22
2351,21.08.2025,18,31,8,12,29
2352,22.08.2025,22,27,14,11,17
2353,23.08.2025,19,8,31,21,25
2354,24.08.2025,4,6,7,11,25
2355,25.08.2025,26,10,8,25,11
2356,26.08.2025,15,27,7,36,10
2357,27.08.2025,27,3,20,1,12
2358,28.08.2025,7,21,14,12,30
2359,29.08.2025,4,16,13,9,1
2360,30.08.2025,8,16,29,7,14
2361,31.08.2025,3,27,13,8,35
2362,01.09.2025,9,16,24,27,2
2363,02.09.2025,4,14,32,3,17
2364,03.09.2025,11,17,27,3,33
2365,04.09.2025,10,23,22,29,12
2366,05.09.2025,9,17,21,7,13
2367,06.09.2025,33,22,19,29,27
2368,07.09.2025,2,34,14,17,1
2369,08.09.2025,12,8,14,6,35
2370,09.09.2025,36,21,23,15,16
2371,10.09.2025,3,7,2,35,23
2372,11.09.2025,32,1,13,21,26
2373,12.09.2025,10,7,34,28,30
2374,13.09.2025,7,30,20,9,26
2375,14.09.2025,35,28,11,3,29
2376,15.09.2025,25,15,11,16,5
2377,16.09.2025,18,14,12,26,4
2378,17.09.2025,27,33,25,5,29
2379,18.09.2025,3,13,32,11,25
2380,19.09.2025,35,26,20,9,16
2381,20.09.2025,3,16,8,1,27
2382,21.09.2025,21,26,14,2,11
2383,22.09.2025,2,25,5,6,11
2384,23.09.2025,16,35,15,31,14
2385,24.09.2025,32,31,28,10,18
2386,25.09.2025,9,16,22,7,34
2387,26.09.2025,29,17,36,28,12
2388,27.09.2025,30,21,17,16,2
2389,28.09.2025,22,13,23,26,6
2390,29.09.2025,4,25,11,31,20
2391,30.09.2025,28,11,26,34,22
2392,01.10.2025,27,26,1,24,20
2393,02.10.2025,34,10,26,11,14
2394,03.10.2025,31,25,14,35,26
2395,04.10.2025,4,26,28,11,14
2396,05.10.2025,36,14,20,10,2
2397,06.10.2025,10,5,36,27,22
2398,07.10.2025,2,27,18,9,34
2399,08.10.2025,1,33,7,22,24
2400,09.10.2025,36,29,9,18,3
2401,10.10.2025,8,12,7,28,6
2402,11.10.2025,1,14,34,11,16
2403,12.10.2025,16,12,7,33,26
2404,13.10.2025,32,24,10,4,21
2405,14.10.2025,16,17,15,30,13
2406,15.10.2025,8,6,29,34,3
2407,16.10.2025,12,8,20,34,33
2408,17.10.2025,28,29,18,23,7
2409,18.10.2025,12,18,4,1,27
2410,19.10.2025,22,17,14,27,23
2411,20.10.2025,15,26,9,35,31
2412,21.10.2025,9,27,22,23,15
2413,22.10.2025,10,32,1,19,17
2414,23.10.2025,20,18,33,7,27
2415,24.10.2025,16,23,34,3,7
2416,25.10.2025,28,33,30,32,23
2417,26.10.2025,23,2,25,9,12
2418,27.10.2025,17,1,20,22,23
2419,28.10.2025,11,5,18,20,30
2420,29.10.2025,5,24,31,29,3
2421,30.10.2025,34,15,21,11,5
2422,31.10.2025,10,24,5,36,22
2423,01.11.2025,16,24,22,12,8
2424,02.11.2025,15,16,10,3,17
2425,03.11.2025,17,28,24,27,20
2426,04.11.2025,20,27,26,31,28
2427,05.11.2025,17,3,5,4,16
2428,06.11.2025,8,32,13,31,17
2429,07.11.2025,35,32,25,11,7
2430,08.11.2025,4,23,2,16,36
2431,09.11.2025,33,3,2,32,10
2432,10.11.2025,3,36,25,12,22
2433,11.11.2025,30,32,24,19,21
2434,12.11.2025,27,26,28,25,32
2435,13.11.2025,28,4,31,26,14
2436,14.11.2025,11,2,33,22,18
2437,15.11.2025,10,2,13,6,35
2438,16.11.2025,18,9,5,16,21
2439,17.11.2025,12,30,11,21,6
2440,18.11.2025,12,16,18,22,26
2441,19.11.2025,31,4,21,14,15
2442,20.11.2025,14,1,33,19,11
2443,21.11.2025,3,20,32,27,2
2444,22.11.2025,17,34,27,36,5
2445,23.11.2025,34,17,8,30,16
2446,24.11.2025,36,20,2,23,11
2447,25.11.2025,6,25,31,7,26
2448,26.11.2025,24,30,20,12,33
2449,27.11.2025,9,21,26,33,22
2450,28.11.2025,19,24,36,1,32
2451,29.11.2025,35,22,23,3,1
2452,30.11.2025,26,14,17,24,9
2453,01.12.2025,12,23,22,7,21
2454,02.12.2025,6,22,7,9,27
2455,03.12.2025,8,26,4,13,25
2456,04.12.2025,21,26,6,4,33
2457,05.12.2025,35,10,9,13,30
2458,06.12.2025,20,30,22,18,35
2459,07.12.2025,26,21,13,5,34
2460,08.12.2025,25,28,19,16,36
2461,09.12.2025,32,22,6,5,10
2462,10.12.2025,9,28,29,17,19
2463,11.12.2025,15,8,26,20,33
2464,12.12.2025,14,11,16,6,18
2465,13.12.2025,8,29,19,30,7
2466,14.12.2025,36,2,7,9,28
2467,15.12.2025,30,12,35,8,20
2468,16.12.2025,32,22,2,9,26
2469,17.12.2025,6,13,3,10,4
2470,18.12.2025,29,2,18,21,9
2471,19.12.2025,26,12,25,33,35
2472,20.12.2025,13,28,8,3,12
2473,21.12.2025,21,10,33,26,17
2474,22.12.2025,28,25,36,23,17
2475,23.12.2025,34,5,30,20,36
2476,24.12.2025,6,36,31,12,34
2477,26.12.2025,23,10,9,32,25
2478,27.12.2025,4,16,13,34,17
2479,28.12.2025,13,14,21,15,31
2480,29.12.2025,33,18,2,23,27
2481,30.12.2025,18,13,31,21,2
2482,31.12.2025,32,31,4,10,7
2483,01.01.2026,27,35,34,25,36
2484,02.01.2026,21,25,9,26,10
2485,03.01.2026,23,11,6,26,10
2486,04.01.2026,18,19,34,27,5
2487,05.01.2026,20,13,1,7,28
2488,06.01.2026,9,14,27,5,23
2489,07.01.2026,14,21,30,4,2
2490,08.01.2026,27,36,30,25,29
2491,09.01.2026,2,27,31,12,26
2492,10.01.2026,15,35,17,3,24
2493,11.01.2026,35,17,20,34,16
2494,12.01.2026,11,3,27,30,35
2495,13.01.2026,10,29,15,8,23
2496,14.01.2026,35,29,31,28,6
2497,15.01.2026,8,22,15,13,32
2498,16.01.2026,12,33,21,2,14
2499,17.01.2026,28,33,7,4,35
2500,18.01.2026,23,14,34,19,36
2501,19.01.2026,24,23,11,31,5
2502,20.01.2026,9,8,13,36,15
2503,21.01.2026,12,13,10,21,35
2504,22.01.2026,3,31,20,8,10
2505,23.01.2026,33,13,7,5,21
2506,24.01.2026,6,1,9,22,17
2507,25.01.2026,26,21,30,32,28
2508,26.01.2026,1,9,27,3,4
2509,27.01.2026,29,17,21,11,14
2510,28.01.2026,8,19,26,29,3
2511,29.01.2026,8,28,26,15,5
2512,30.01.2026,11,26,23,8,24
2513,31.01.2026,4,36,6,29,21
2514,01.02.2026,13,3,15,17,24
2515,02.02.2026,30,1,27,24,2
2516,03.02.2026,27,2,13,34,36
2517,04.02.2026,9,5,10,8,18
2518,05.02.2026,20,30,33,23,14
2519,06.02.2026,1,7,15,24,16
2520,07.02.2026,17,6,27,32,25
2521,08.02.2026,35,12,16,23,33
2522,09.02.2026,7,34,32,22,9
2523,10.02.2026,26,21,22,3,7
2524,11.02.2026,35,5,33,18,19
2525,12.02.2026,16,5,4,23,22
2526,13.02.2026,16,8,34,29,3
2527,14.02.2026,7,31,28,25,18
2528,15.02.2026,16,9,17,18,10
2529,16.02.2026,7,14,20,12,8
2530,17.02.2026,31,26,24,17,3
2531,18.02.2026,21,1,9,16,15
2532,19.02.2026,28,14,11,29,8
2533,20.02.2026,27,7,12,30,5
2534,21.02.2026,30,24,34,1,14
2535,22.02.2026,21,5,1,6,4
2536,23.02.2026,36,7,14,29,31
2537,24.02.2026,35,17,16,21,26
2538,25.02.2026,9,10,32,14,2
2539,26.02.2026,2,25,33,4,8
2540,27.02.2026,23,11,1,8,27
2541,28.02.2026,2,4,15,7,20
2542,01.03.2026,24,29,7,34,12
2543,02.03.2026,6,14,2,3,31
2544,03.03.2026,1,22,36,17,16
2545,04.03.2026,6,15,11,33,31
2546,05.03.2026,19,22,16,36,9
2547,06.03.2026,9,8,27,19,14
2548,07.03.2026,30,13,32,27,20
2549,08.03.2026,11,6,25,8,36
2550,09.03.2026,21,9,30,12,5
2551,10.03.2026,9,4,13,30,7
2552,11.03.2026,35,15,31,34,26
2553,12.03.2026,10,33,35,25,8
2554,13.03.2026,10,25,35,16,28
2555,14.03.2026,3,35,22,4,32
2556,15.03.2026,18,7,21,28,3
2557,16.03.2026,8,23,15,28,19
2558,17.03.2026,33,25,2,21,24
2559,18.03.2026,14,8,20,27,5
2560,19.03.2026,29,4,30,31,9
2561,20.03.2026,19,16,31,32,24
2562,21.03.2026,7,21,5,12,8
2563,22.03.2026,33,5,31,28,32
2564,23.03.2026,20,2,36,29,9
2565,24.03.2026,7,20,8,11,21
2566,25.03.2026,33,20,26,15,23
2567,26.03.2026,36,25,23,27,7
2568,27.03.2026,24,9,11,22,12
2569,28.03.2026,11,30,20,6,15
2570,29.03.2026,10,35,34,23,28
2571,30.03.2026,25,34,4,26,1
2572,31.03.2026,16,25,13,14,6
2573,01.04.2026,10,3,21,24,16
2574,02.04.2026,23,25,35,34,33
2575,03.04.2026,12,27,3,25,28
2576,04.04.2026,34,9,13,17,21
2577,05.04.2026,23,19,13,31,22
2578,06.04.2026,21,11,17,10,36
2579,07.04.2026,34,13,10,36,35
2580,08.04.2026,17,6,34,16,10
2581,09.04.2026,9,6,12,29,15
2582,10.04.2026,6,19,35,24,26
2583,11.04.2026,22,35,17,11,20
2584,12.04.2026,1,36,25,10,33
2585,13.04.2026,24,29,14,35,11
2586,14.04.2026,23,29,31,24,35
2587,15.04.2026,10,13,30,9,27
2588,16.04.2026,1,21,17,19,20
2589,17.04.2026,4,32,9,20,18
2590,18.04.2026,2,31,4,20,1
2591,19.04.2026,26,6,5,1,28
2592,20.04.2026,8,25,33,21,3
2593,21.04.2026,13,20,14,8,22
2594,22.04.2026,27,25,30,12,1
2595,23.04.2026,8,22,33,21,23
2596,24.04.2026,19,6,25,24,23
2597,25.04.2026,1,5,13,30,31
2598,26.04.2026,14,21,10,24,26
2599,27.04.2026,35,1,26,10,21
2600,28.04.2026,33,23,36,30,34
2601,29.04.2026,17,10,16,19,33
2602,30.04.2026,24,30,22,2,31
2603,01.05.2026,11,20,12,35,22
2604,02.05.2026,10,18,13,34,36
2605,03.05.2026,22,36,3,9,12
2606,04.05.2026,34,25,4,36,20
2607,05.05.2026,33,30,6,21,35
2608,06.05.2026,7,10,4,30,35
2609,07.05.2026,18,1,6,35,14
2610,08.05.2026,15,7,1,26,17
2611,09.05.2026,23,9,32,18,13
2612,10.05.2026,20,25,1,22,27
2613,11.05.2026,1,27,28,23,11
2614,12.05.2026,19,28,35,3,5
2615,13.05.2026,28,33,4,6,10
2616,14.05.2026,16,15,7,4,23
2617,15.05.2026,22,6,30,13,2
2618,16.05.2026,21,22,19,14,31
2619,17.05.2026,14,15,16,10,8
2620,18.05.2026,23,12,32,28,7
2621,19.05.2026,21,19,18,27,30
2622,20.05.2026,14,21,6,20,2
2623,21.05.2026,10,14,28,27,15
2624,22.05.2026,24,23,11,1,36
2625,23.05.2026,4,22,30,19,31
2626,24.05.2026,6,12,10,31,23
2627,25.05.2026,36,8,25,1,7
2628,26.05.2026,23,5,25,20,32
2629,27.05.2026,15,10,32,4,22
2630,28.05.2026,35,3,28,26,14
2631,29.05.2026,22,26,20,36,11
2632,30.05.2026,16,5,24,9,10
2633,31.05.2026,10,17,29,1,7
2634,01.06.2026,4,5,23,32,29
2635,02.06.2026,10,32,6,24,5
2636,03.06.2026,21,15,26,22,36
2637,04.06.2026,18,30,29,16,26
2638,05.06.2026,8,20,9,21,3
2639,06.06.2026,24,31,5,27,20
2640,07.06.2026,13,7,4,10,17
2641,08.06.2026,6,2,9,11,34
2642,09.06.2026,1,19,31,7,9
2643,10.06.2026,2,7,21,15,4
2644,11.06.2026,13,8,31,29,17
2645,12.06.2026,25,32,20,34,30
2646,13.06.2026,8,15,1,5,36
2647,14.06.2026,18,25,36,4,30
2648,15.06.2026,19,30,24,5,26
2649,16.06.2026,31,16,29,4,8
2650,17.06.2026,16,17,4,3,12
2651,18.06.2026,18,7,9,14,36
2652,19.06.2026,28,32,34,26,10
2653,20.06.2026,22,21,16,20,1
2654,21.06.2026,7,16,2,14,11
2655,22.06.2026,9,31,7,5,32
2656,23.06.2026,19,11,33,25,13
2657,24.06.2026,35,19,24,7,5
2658,25.06.2026,12,17,10,22,11
2659,26.06.2026,13,20,3,1,25
2660,27.06.2026,14,10,28,9,25
2661,28.06.2026,20,8,34,2,28
2662,29.06.2026,25,8,30,4,31
2663,30.06.2026,21,16,2,3,36
2664,01.07.2026,30,18,4,25,8
2665,02.07.2026,7,27,13,2,6
